"Name","TeamAbbreviation","GamesPlayed","Minutes","OffPoss","Points","FG2M","FG2A","Fg2Pct","FG3M","FG3A","Fg3Pct","NonHeaveFg3Pct","FtPoints","PtsAssisted2s","PtsUnassisted2s","PtsAssisted3s","PtsUnassisted3s","Assisted2sPct","NonPutbacksAssisted2sPct","Assisted3sPct","FG3APct","ShotQualityAvg","EfgPct","TsPct","PtsPutbacks","Fg2aBlocked","FG2APctBlocked","Fg3aBlocked","FG3APctBlocked","Usage"
"Angel McCoughtry","ATL",286,8225,16616,32.90804044294656,10.020462205103515,21.966779008184883,0.45616438356164385,1.402262879152624,4.898892633606163,0.28624078624078625,0.2908863920099875,8.660327395281657,8.365430909966298,11.675493500240732,3.3943187289359655,0.8124699085219066,0.4174174174174174,0.44983818770226536,0.8068669527896996,0.18234767025089607,0.47833860004501466,0.4512768817204301,0.5171493902439024,1.4443909484833894,1.4744824265767935,0.06712328767123288,0.018054886856042368,0.0036855036855036856,31.518448196233386
"Tiffany Hayes","ATL",277,7713,15181,25.215730189052106,6.040445293458929,12.581516369145643,0.4801047120418848,2.14083393715829,6.475199262235689,0.3306205493387589,0.3329907502569373,6.712337790659377,5.282919438772149,6.797971148145709,5.394901521638891,1.0276002898359793,0.4372955288985823,0.4546485260770975,0.84,0.33978568959557554,0.5246720966620306,0.48548219840995505,0.5519744483159117,0.46110269415717015,1.0144259271457743,0.0806282722513089,0.05269745076081944,0.008138351983723296,22.202658184709758
"Sancho Lyttle","ATL",234,6874,13671,19.237802647940896,7.739009582327554,16.38504864311316,0.47232142857142856,0.2925901543413064,1.141101601931095,0.2564102564102564,0.2631578947368421,2.8820130202618683,11.762124204520518,3.7158949601345914,0.8119376782971253,0.06583278472679395,0.7599243856332704,0.8553191489361702,0.925,0.0651085141903172,0.44998605769230765,0.4666110183639399,0.4967778620166793,1.726281910613708,0.8411966937312559,0.05133928571428571,0,0,18.994656393687087
"Erika de Souza","ATL",199,5621,11313,21.347122779103685,9.334394059931054,17.53734641562804,0.532258064516129,0,0.008839388314328648,0,0,2.6783346592415804,13.153009811721029,5.515778308141076,0,0,0.7045454545454546,0.8502857142857143,0,0.0005037783375314861,0.49892617128463473,0.5319899244332493,0.5506155950752394,3.199858569786971,0.9016176080615221,0.05141129032258065,0,0,19.174793698424605
"Elizabeth Williams","ATL",187,5452,10739,16.426110438588324,6.527609647080734,13.492876431697551,0.48378191856452724,0,0.01862370798025887,0,0,3.3708911444268552,9.125616910326846,3.9296023838346215,0,0,0.6990014265335235,0.8263069139966274,0,0.0013783597518952446,0.5055102687801516,0.48311509303928324,0.51731220657277,2.011360461867958,1.8344352360554987,0.13595583160800553,0,0,15.50237692369672
"Rhyne Howard","ATL",103,3367,6685,26.207928197456994,4.6821241585639495,11.578160059835453,0.4043927648578811,3.9491398653702317,11.548242333582648,0.34196891191709844,0.34600262123197906,4.996260284218399,3.350785340314136,6.013462976813762,9.738219895287958,2.1091997008227374,0.35782747603833864,0.3684210526315789,0.821969696969697,0.49935316946959896,0.48360205211726387,0.45860284605433377,0.5054849884526559,0.26925953627524307,0.7778608825729244,0.06718346253229975,0.08975317875841436,0.007772020725388601,25.078740157480315
"Monique Billings","ATL",176,3295,6522,15.961361545538178,5.93376264949402,13.569457221711131,0.43728813559322033,0.015332720024532351,0.12266176019625881,0.125,0.125,4.047838086476541,8.249003373198406,3.618521925789635,0.045998160073597055,0,0.6950904392764858,0.8201219512195121,1,0.008958566629339306,0.49285386338185894,0.43505039193729006,0.4957142857142857,1.8092609628948175,1.2419503219871204,0.09152542372881356,0.015332720024532351,0.125,16.679862760622857
"Armintie Herrington","ATL",141,3198,6369,14.963102527869367,5.526770293609672,11.461767938451876,0.4821917808219178,0,0.12560841576385617,0,0,3.9095619406500237,7.06547338671691,3.988067200502434,0,0,0.6392045454545454,0.6923076923076923,0,0.01084010840108401,0.5255008163265307,0.47696476964769646,0.5134698275862069,0.8478568064060292,1.365991521431936,0.11917808219178082,0.01570105197048202,0.125,15.010598834128245
"Cheyenne Parker-Tyus","ATL",114,2768,5537,25.08578652700018,9.048221058334839,17.66299440130034,0.5122699386503068,0.7224128589488893,2.7632291854795015,0.26143790849673204,0.26143790849673204,4.822105833483836,12.53386310276323,5.562579013906448,2.0588766480043343,0.1083619288423334,0.6926147704590818,0.7797752808988764,0.95,0.13527851458885942,0.4994953941541187,0.4960212201591512,0.5440251572327044,2.02275600505689,1.2822828246342786,0.07259713701431493,0.018060321473722232,0.006535947712418301,23.8201175909741
"Allisha Gray","ATL",78,2574,5096,24.941130298273155,6.142072213500785,12.95133437990581,0.47424242424242424,2.1781789638932496,6.279434850863423,0.346875,0.34796238244514105,6.122448979591836,7.182103610675039,5.1020408163265305,6.181318681318682,0.3532182103610675,0.5846645367412141,0.6354166666666666,0.9459459459459459,0.32653061224489793,0.5048075587334014,0.48928571428571427,0.5518744551002616,0.9811616954474097,0.9222919937205651,0.07121212121212121,0.09811616954474098,0.015625,21.972169730286893
"Iziane Castro Marques","ATL",102,2572,5327,24.816970152055568,7.339966209874226,15.731180777172893,0.4665871121718377,2.102496714848883,7.09592641261498,0.2962962962962963,0.2962962962962963,3.8295475877604654,6.007133470996808,8.672798948751643,4.167448845504036,2.140041299042613,0.4092071611253197,0.4134366925064599,0.6607142857142857,0.31085526315789475,0.4783584292763158,0.4597039473684211,0.48962194217939214,0.1501783367749202,1.1451098179087666,0.07279236276849642,0.11263375258119017,0.015873015873015872,25.17515923566879
"Brittney Sykes","ATL",97,2351,4611,23.85599653003687,6.679679028410323,15.267837779223596,0.4375,1.8867924528301887,6.506180871828237,0.29,0.29292929292929293,4.836261114725656,5.812188245499891,7.547169811320755,5.204944697462589,0.4554326610279766,0.43506493506493504,0.44966442953020136,0.9195402298850575,0.29880478087649404,0.49919650349650346,0.43675298804780877,0.478204010462075,0.4337453914552158,1.539796139666016,0.10085227272727272,0.04337453914552158,0.006666666666666667,24.35107376283847
"Layshia Clarendon","ATL",86,2291,4509,17.675759591927257,5.677533821246396,12.863162563761366,0.4413793103448276,0.6875138611665558,2.8165890441339543,0.2440944881889764,0.25,4.258150365934797,3.0605455755156354,8.294522066977157,1.4637391882900865,0.5988023952095808,0.26953125,0.2782258064516129,0.7096774193548387,0.17963224893917965,0.4731960227272728,0.42786421499292787,0.4846813725490196,0.35484586382789973,0.9314703925482368,0.07241379310344828,0,0,19.11484166348722
"Naz Hillmon","ATL",114,2083,4086,13.28928046989721,5.066079295154185,9.691629955947137,0.5227272727272727,0.024473813020068527,0.14684287812041116,0.16666666666666666,0.16666666666666666,3.0837004405286343,8.223201174743025,1.908957415565345,0.07342143906020558,0,0.8115942028985508,0.9281767955801105,1,0.014925373134328358,0.5458213930348259,0.5186567164179104,0.5752118644067796,1.2726382770435634,1.5663240332843857,0.16161616161616163,0,0,12.423539337692471
"Lindsey Harding","ATL",68,2077,4121,18.830380975491387,6.6488716330987625,14.268381460810483,0.46598639455782315,0.5823829167677748,2.2082018927444795,0.26373626373626374,0.2727272727272727,3.7854889589905363,3.4457655908760008,9.851977675321525,1.383159427323465,0.36398932297985925,0.2591240875912409,0.2610294117647059,0.7916666666666666,0.13402061855670103,0.45278241839762606,0.4565537555228277,0.5025974025974026,0.0970638194612958,0.8250424654210143,0.05782312925170068,0.02426595486532395,0.01098901098901099,18.9389265885256
"Aneika Morello","ATL",137,2030,3961,15.425397626861903,6.362029790456956,12.774551880838173,0.4980237154150198,0,0,0,0,2.7013380459479928,8.735167886897248,3.9888916940166625,0,0,0.6865079365079365,0.8781725888324873,0,0,0.4803420948616601,0.4980237154150198,0.5359649122807018,2.777076495834385,0.9593536985609694,0.07509881422924901,0,0,15.082600300364728
"Nia Coffey","ATL",115,1937,3854,15.179034769071095,3.3990659055526726,8.899844317592112,0.3819241982507289,2.127659574468085,6.149455111572392,0.3459915611814346,0.3459915611814346,1.9979242345614945,4.099636741048261,2.6984950700570836,6.227296315516346,0.15568240788790866,0.6030534351145038,0.7053571428571429,0.975609756097561,0.4086206896551724,0.5062931034482759,0.4379310344827586,0.4613564668769716,0.9859885832900882,1.3751946030098599,0.15451895043731778,0.02594706798131811,0.004219409282700422,17.74156529722286
"Aari McDonald","ATL",90,1934,3883,19.98454802987381,3.8114859644604686,8.575843420036055,0.4444444444444444,2.7040947720834407,8.344063868143188,0.32407407407407407,0.330188679245283,4.2492917847025495,1.5967035797064126,6.026268349214525,5.949008498583569,2.1632758176667526,0.20945945945945946,0.21232876712328766,0.7333333333333333,0.4931506849315068,0.5145660246533128,0.4649923896499239,0.5202702702702703,0.10301313417460727,0.5408189544166881,0.06306306306306306,0.025753283543651816,0.0030864197530864196,20
"Renee Montgomery","ATL",68,1884,3738,18.057784911717494,1.8191546281433921,3.852327447833066,0.4722222222222222,3.905831995719636,11.235955056179776,0.3476190476190476,0.3501199040767386,2.701979668271803,1.1235955056179776,2.5147137506688066,8.507223113964686,3.2102728731942216,0.3088235294117647,0.31343283582089554,0.726027397260274,0.7446808510638298,0.5079081249999999,0.5088652482269503,0.5413907284768212,0.05350454788657036,0.32102728731942215,0.08333333333333333,0.24077046548956663,0.02142857142857143,16.767441860465116
"Alex Bentley","ATL",79,1719,3385,20.088626292466767,5.612998522895126,14.091580502215658,0.39832285115303984,2.3042836041358936,8.242245199409158,0.27956989247311825,0.28363636363636363,1.9497784342688331,2.599704579025111,8.62629246676514,3.9881831610044314,2.9246676514032495,0.23157894736842105,0.23404255319148937,0.5769230769230769,0.36904761904761907,0.4507504672897196,0.4060846560846561,0.4258793969849246,0.11816838995568685,0.4431314623338257,0.031446540880503145,0.029542097488921712,0.0035842293906810036,22.87664307381193
"Courtney Williams","ATL",52,1710,3390,24.218289085545724,9.29203539823009,21.150442477876105,0.4393305439330544,1.3864306784660767,4.011799410029498,0.34558823529411764,0.34328358208955223,1.4749262536873156,6.902654867256637,11.68141592920354,3.3628318584070795,0.7964601769911505,0.37142857142857144,0.37987012987012986,0.8085106382978723,0.15943728018757328,0.4228401060070672,0.45193434935521687,0.4637599093997735,0.41297935103244837,0.6489675516224189,0.030683403068340307,0.058997050147492625,0.014705882352941176,25.369709331973482
"Shalee Lehning","ATL",85,1700,3500,7.514285714285714,2.1142857142857143,4.314285714285714,0.4900662251655629,0.6571428571428571,2.142857142857143,0.30666666666666664,0.3150684931506849,1.3142857142857143,1.6,2.6285714285714286,1.8857142857142857,0.08571428571428572,0.3783783783783784,0.4,0.9565217391304348,0.33185840707964603,0.5343298206278028,0.48008849557522126,0.5019083969465649,0.22857142857142856,0.45714285714285713,0.10596026490066225,0.02857142857142857,0.013333333333333334,9.767329132331556
"Jessica Breland","ATL",67,1666,3308,15.931076178960097,6.620314389359129,15.931076178960097,0.4155597722960152,0.2720677146311971,1.1487303506650544,0.23684210526315788,0.23684210526315788,1.8742442563482467,11.003627569528415,2.237001209189843,0.8162031438935913,0,0.8310502283105022,0.883495145631068,1,0.06725663716814159,0.4388274336283186,0.41150442477876104,0.4384359400998336,0.7859733978234583,0.8464328899637243,0.05313092979127135,0,0,18.332456601788532
"Jasmine Thomas","ATL",68,1529,3014,14.996682149966821,5.076310550763106,13.337757133377572,0.3805970149253731,0.9289980092899801,4.014598540145985,0.23140495867768596,0.23333333333333334,2.05706702057067,5.308560053085601,4.844061048440611,2.687458526874585,0.099535500995355,0.5228758169934641,0.5369127516778524,0.9642857142857143,0.23135755258126195,0.459008349328215,0.372848948374761,0.4005328596802842,0.26542800265428,0.8294625082946251,0.06218905472636816,0.033178500331785,0.008264462809917356,19.024666855684718
"Bria Holmes","ATL",65,1415,2803,17.69532643596147,5.52978951123796,11.951480556546556,0.4626865671641791,0.9632536567962897,4.102747056724938,0.23478260869565218,0.23478260869565218,3.7459864430966823,6.707099536211202,4.352479486264716,2.4616482340349624,0.4281127363539065,0.6064516129032258,0.618421052631579,0.8518518518518519,0.25555555555555554,0.5192212222222222,0.43444444444444447,0.4787234042553192,0.21405636817695325,1.783803068141277,0.14925373134328357,0,0,18.12883435582822
"Matee Ajavon","ATL",120,1400,2730,15.64102564102564,4.835164835164835,13.443223443223443,0.35967302452316074,0.2564102564102564,1.6117216117216118,0.1590909090909091,0.18421052631578946,5.201465201465202,3.0036630036630036,6.666666666666667,0.7692307692307693,0,0.3106060606060606,0.33064516129032256,1,0.1070559610705596,0.4628517283950617,0.3467153284671533,0.4313131313131313,0.5860805860805861,1.1721611721611722,0.08719346049046321,0,0,19.52264381884945
"Shoni Schimmel","ATL",66,1359,2681,19.5822454308094,3.2450578142484146,8.205893323386796,0.39545454545454545,3.804550540842969,10.555762775083924,0.36042402826855124,0.36428571428571427,1.6784781797836628,1.4173815740395375,5.072734054457292,6.937709809772473,4.475941812756434,0.21839080459770116,0.23170731707317074,0.6078431372549019,0.562624254473161,0.46967254509018036,0.47713717693836977,0.49713740458015265,0.37299515106303616,0.14919806042521447,0.01818181818181818,0.22379709063782172,0.02120141342756184,21.566150931480895
"Haley Jones","ATL",80,1294,2599,11.696806464024625,3.9245863793766835,9.849942285494421,0.3984375,0.461716044632551,2.1546748749519047,0.21428571428571427,0.2222222222222222,2.4624855713736054,3.693728357060408,4.155444401692959,1.385148133897653,0,0.47058823529411764,0.48484848484848486,1,0.1794871794871795,0.48375681818181815,0.38461538461538464,0.43304843304843305,0.2308580223162755,1.0388611004232398,0.10546875,0,0,16.193084560082163
"Damiris Dantas","ATL",69,1267,2515,19.761431411530815,6.163021868787276,13.757455268389663,0.4479768786127168,1.3916500994035785,5.208747514910537,0.26717557251908397,0.26717557251908397,3.2604373757455267,8.429423459244532,3.89662027833002,4.055666003976143,0.11928429423459244,0.6838709677419355,0.7571428571428571,0.9714285714285714,0.2746331236897275,0.46178962264150947,0.4350104821802935,0.4778846153846154,1.1928429423459244,1.1928429423459244,0.08670520231213873,0,0,19.510537049626105
"Alison Bales","ATL",68,1216,2471,12.221772561715904,4.087414002428167,8.579522460542291,0.47641509433962265,0.4451639012545528,1.1736139214892756,0.3793103448275862,0.3793103448275862,2.7114528530959126,6.232294617563739,1.942533387292594,1.2140833670578712,0.12140833670578713,0.7623762376237624,0.927710843373494,0.9090909090909091,0.12033195020746888,0.4524678423236515,0.487551867219917,0.5373665480427047,1.4569000404694457,0.6475111290975314,0.07547169811320754,0.04046944556859571,0.034482758620689655,11.049723756906078
"Tina Charles","ATL",39,1160,2245,25.879732739420934,10.334075723830734,21.870824053452115,0.4725050916496945,0.48997772828507796,1.8708240534521159,0.2619047619047619,0.2682926829268293,3.7416481069042318,14.699331848552339,5.968819599109131,1.469933184855234,0,0.7112068965517241,0.8418367346938775,1,0.07879924953095685,0.4704562030075188,0.46622889305816134,0.4974137931034483,3.2071269487750556,1.2917594654788418,0.059063136456211814,0,0,24.786324786324787
"Coco Miller","ATL",92,1143,2335,18.972162740899357,6.509635974304069,14.17558886509636,0.459214501510574,1.1991434689507494,4.197002141327623,0.2857142857142857,0.2978723404255319,2.355460385438972,7.794432548179872,5.224839400428266,3.468950749464668,0.1284796573875803,0.5986842105263158,0.6319444444444444,0.9642857142857143,0.22843822843822845,0.43789221698113207,0.4522144522144522,0.4752688172043011,0.6852248394004282,0.8137044967880086,0.05740181268882175,0.08565310492505353,0.02040816326530612,19.69042476601872
"Erica Wheeler","ATL",47,992,1941,16.846986089644513,5.151983513652756,13.292117465224111,0.3875968992248062,1.545595054095827,4.533745492014425,0.3409090909090909,0.3333333333333333,1.9062339000515198,3.400309119010819,6.903657908294694,2.936630602782071,1.7001545595054095,0.33,0.33,0.6333333333333333,0.2543352601156069,0.46074637681159414,0.4190751445086705,0.44021739130434784,0,1.0819165378670788,0.08139534883720931,0,0,20.889487870619945
"Blake Dietrick","ATL",57,790,1569,11.918419375398344,1.8483110261312938,4.397705544933078,0.42028985507246375,2.5493945188017846,6.182281708094328,0.41237113402061853,0.4166666666666667,0.5736137667304015,1.2746972594008923,2.421924792861695,6.8833652007648185,0.7648183556405354,0.3448275862068966,0.3448275862068966,0.9,0.5843373493975904,0.4976216463414635,0.536144578313253,0.5404624277456648,0,0.6373486297004461,0.14492753623188406,0,0,12.686155543298401
"Le'coe Willingham","ATL",34,755,1482,9.51417004048583,2.834008097165992,5.802968960863698,0.4883720930232558,0.9446693657219973,3.1039136302294197,0.30434782608695654,0.30434782608695654,1.0121457489878543,4.318488529014845,1.349527665317139,2.6315789473684212,0.20242914979757085,0.7619047619047619,0.8205128205128205,0.9285714285714286,0.3484848484848485,0.5132587121212122,0.4772727272727273,0.4964788732394366,0.4048582995951417,0.6747638326585695,0.11627906976744186,0.06747638326585695,0.021739130434782608,10.55045871559633
"Odyssey Sims","ATL",30,753,1487,17.552118359112306,5.985205110961668,14.4586415601883,0.413953488372093,1.0759919300605245,4.640215198386012,0.2318840579710145,0.2318840579710145,2.3537323470073974,6.186953597848016,5.78345662407532,3.2279757901815738,0,0.5168539325842697,0.5348837209302325,1,0.24295774647887325,0.4932382042253521,0.397887323943662,0.4264705882352941,0.4034969737726967,0.8742434431741762,0.06046511627906977,0,0,20.796719390743995
"Betnijah Laney","ATL",22,733,1485,25.454545454545453,7.609427609427609,15.016835016835017,0.5067264573991032,2.0202020202020203,4.983164983164984,0.40540540540540543,0.410958904109589,4.175084175084175,6.32996632996633,8.88888888888889,4.848484848484849,1.2121212121212122,0.415929203539823,0.44339622641509435,0.8,0.24915824915824916,0.4475938983050847,0.531986531986532,0.5701219512195121,0.9427609427609428,0.6734006734006734,0.04484304932735426,0,0,23.236514522821576
"Shekinna Stricklen","ATL",46,713,1420,13.732394366197184,1.5492957746478873,4.084507042253521,0.3793103448275862,3.3098591549295775,11.619718309859154,0.28484848484848485,0.28484848484848485,0.704225352112676,2.112676056338028,0.9859154929577465,9.507042253521126,0.4225352112676056,0.6818181818181818,0.7142857142857143,0.9574468085106383,0.7399103139013453,0.4895811659192825,0.4147982062780269,0.42543859649122806,0.14084507042253522,0.49295774647887325,0.1206896551724138,0.14084507042253522,0.012121212121212121,14.981729598051155
"Chamique Holdsclaw","ATL",25,708,1460,23.835616438356166,8.63013698630137,19.794520547945204,0.4359861591695502,0.410958904109589,2.0547945205479454,0.2,0.2,5.342465753424658,5.616438356164384,11.643835616438356,1.2328767123287672,0,0.3253968253968254,0.35344827586206895,1,0.09404388714733543,0.4415280564263323,0.4231974921630094,0.4777777777777778,1.36986301369863,1.36986301369863,0.06920415224913495,0.0684931506849315,0.03333333333333333,25.485579752795765
"Asia (AD) Durr","ATL",51,690,1423,23.401264933239634,5.481377371749824,13.42234715390021,0.4083769633507853,2.8812368236120873,7.519325368938862,0.38317757009345793,0.38317757009345793,3.7947997189037244,4.638088545326775,6.324666198172874,8.643710470836261,0,0.4230769230769231,0.42857142857142855,1,0.35906040268456374,0.48012181208053695,0.46812080536912754,0.5091743119266054,0.14054813773717498,1.1243851018973998,0.08376963350785341,0.14054813773717498,0.018691588785046728,22.872996300863132
"Danielle Robinson","ATL",32,690,1386,13.492063492063492,4.473304473304474,8.874458874458874,0.5040650406504065,0.6493506493506493,2.236652236652237,0.2903225806451613,0.3103448275862069,2.5974025974025974,5.339105339105339,3.6075036075036073,1.948051948051948,0,0.5967741935483871,0.5967741935483871,1,0.2012987012987013,0.5155055921052631,0.4902597402597403,0.5285714285714286,0,0.6493506493506493,0.07317073170731707,0,0,13.894200127469727
"Chennedy Carter","ATL",27,686,1405,30.96085409252669,10.88967971530249,22.419928825622776,0.4857142857142857,0.9252669039145908,2.9181494661921707,0.3170731707317073,0.3170731707317073,6.405693950177936,5.124555160142349,16.654804270462634,1.0676156583629892,1.708185053380783,0.23529411764705882,0.23684210526315788,0.38461538461538464,0.1151685393258427,0.4711976123595506,0.4845505617977528,0.5397022332506204,0.1423487544483986,1.5658362989323844,0.06984126984126984,0,0,29.36756418284283
"Jordin Canada","ATL",20,624,1194,17.67169179229481,4.438860971524288,10.050251256281408,0.44166666666666665,1.340033500837521,4.773869346733668,0.2807017543859649,0.3018867924528302,4.773869346733668,1.1725293132328307,7.705192629815746,2.763819095477387,1.256281407035176,0.1320754716981132,0.1320754716981132,0.6875,0.3220338983050847,0.4830794117647059,0.4350282485875706,0.5023809523809524,0,0.5862646566164154,0.058333333333333334,0,0,18.234442836468887
"Maya Caldwell","ATL",34,618,1220,18.770491803278688,4.672131147540983,9.59016393442623,0.48717948717948717,2.7049180327868854,6.721311475409836,0.4024390243902439,0.4125,1.3114754098360655,4.426229508196721,4.918032786885246,7.377049180327869,0.7377049180327869,0.47368421052631576,0.5192307692307693,0.9090909090909091,0.4120603015075377,0.5012032994923858,0.535175879396985,0.5504807692307693,0.819672131147541,0.9016393442622951,0.09401709401709402,0,0,17.766497461928935
"Kristy Wallace","ATL",29,602,1196,15.88628762541806,3.42809364548495,7.8595317725752505,0.43617021276595747,2.0903010033444818,5.68561872909699,0.36764705882352944,0.373134328358209,2.759197324414716,4.3478260869565215,2.508361204013378,6.270903010033445,0,0.6341463414634146,0.6666666666666666,1,0.41975308641975306,0.49617781250000004,0.4845679012345679,0.521978021978022,0.33444816053511706,1.254180602006689,0.1595744680851064,0.16722408026755853,0.029411764705882353,16.422287390029325
"Yelena Leuchanka","ATL",51,599,1238,15.4281098546042,5.896607431340873,13.08562197092084,0.4506172839506173,0.08077544426494346,0.48465266558966075,0.16666666666666666,0.16666666666666666,3.392568659127625,8.239095315024233,3.5541195476575123,0.24232633279483037,0,0.6986301369863014,0.796875,1,0.03571428571428571,0.47379464285714284,0.44345238095238093,0.4897435897435897,1.4539579967689822,1.050080775444265,0.08024691358024691,0,0,18.73259052924791
"Celine Dumerc","ATL",28,527,1068,8.707865168539326,1.4981273408239701,4.02621722846442,0.37209302325581395,1.1235955056179776,4.868913857677903,0.23076923076923078,0.24489795918367346,2.3408239700374533,1.6853932584269662,1.3108614232209739,2.247191011235955,1.1235955056179776,0.5625,0.5625,0.6666666666666666,0.5473684210526316,0.47953131868131865,0.35789473684210527,0.41517857142857145,0,0.09363295880149813,0.023255813953488372,0.09363295880149813,0.019230769230769232,13.6
"Reshanda Gray","ATL",45,520,1050,18.761904761904763,6.857142857142857,13.428571428571429,0.5106382978723404,0,0.09523809523809523,0,0,5.0476190476190474,8.761904761904763,4.9523809523809526,0,0,0.6388888888888888,0.7796610169491526,0,0.007042253521126761,0.5363102112676056,0.5070422535211268,0.556497175141243,2.4761904761904763,1.4285714285714286,0.10638297872340426,0,0,16.88
"Cathrine Kraayeveld","ATL",33,507,1001,15.184815184815184,2.097902097902098,4.595404595404595,0.45652173913043476,3.4965034965034967,8.691308691308691,0.40229885057471265,0.40229885057471265,0.4995004995004995,3.3966033966033966,0.7992007992007992,10.48951048951049,0,0.8095238095238095,0.8947368421052632,1,0.6541353383458647,0.4905492481203007,0.5526315789473685,0.5428571428571428,0.3996003996003996,0.2997002997002997,0.06521739130434782,0.1998001998001998,0.022988505747126436,14.079728583545378
"Michelle Snow","ATL",34,503,1033,17.909002904162634,6.48596321393998,13.359148112294289,0.4855072463768116,0,0.1936108422071636,0,0,4.937076476282672,8.325266214908035,4.646660212971926,0,0,0.6417910447761194,0.7818181818181819,0,0.014285714285714285,0.4564882142857143,0.4785714285714286,0.5377906976744186,2.323330106485963,0.5808325266214908,0.043478260869565216,0,0,17.656903765690377
"Kelly Miller","ATL",30,493,1026,10.428849902534113,0.7797270955165692,3.6062378167641325,0.21621621621621623,2.2417153996101367,6.822612085769981,0.32857142857142857,0.3382352941176471,2.1442495126705654,0.5847953216374269,0.9746588693957114,4.970760233918129,1.7543859649122806,0.375,0.375,0.7391304347826086,0.6542056074766355,0.5075697115384615,0.397196261682243,0.4449152542372881,0,0.29239766081871343,0.08108108108108109,0,0,12.439807383627608
"Maite Cazorla","ATL",31,477,923,9.967497291440953,1.733477789815818,4.117009750812568,0.42105263157894735,1.408450704225352,5.958829902491875,0.23636363636363636,0.24074074074074073,2.275189599133261,1.3001083423618636,2.1668472372697725,3.9003250270855903,0.3250270855904659,0.375,0.375,0.9230769230769231,0.5913978494623656,0.493604347826087,0.3817204301075269,0.4320388349514563,0,0.3250270855904659,0.07894736842105263,0,0,12.163416898792944
"Roneeka Hodges","ATL",23,448,885,16.72316384180791,2.598870056497175,6.327683615819209,0.4107142857142857,3.0508474576271185,8.474576271186441,0.36,0.36,2.3728813559322033,3.84180790960452,1.3559322033898304,8.474576271186441,0.6779661016949152,0.7391304347826086,0.7727272727272727,0.9259259259259259,0.5725190839694656,0.5122828244274809,0.4847328244274809,0.5138888888888888,0.22598870056497175,0.3389830508474576,0.05357142857142857,0,0,15.869980879541108
"Crystal Bradford","ATL",24,440,890,23.707865168539325,5.955056179775281,12.359550561797754,0.4818181818181818,3.258426966292135,9.101123595505618,0.35802469135802467,0.35802469135802467,2.0224719101123596,3.8202247191011236,8.089887640449438,9.101123595505618,0.6741573033707865,0.32075471698113206,0.40476190476190477,0.9310344827586207,0.42408376963350786,0.5174696335078534,0.5052356020942408,0.5096618357487923,2.4719101123595504,1.1235955056179776,0.09090909090909091,0.11235955056179775,0.012345679012345678,22.243713733075435
"Tianna Hawkins","ATL",28,432,878,15.60364464692483,3.8724373576309796,6.83371298405467,0.5666666666666667,1.8223234624145785,7.517084282460137,0.24242424242424243,0.24242424242424243,2.3917995444191344,5.922551252847381,1.8223234624145785,5.466970387243736,0,0.7647058823529411,0.9285714285714286,1,0.5238095238095238,0.5211170634920634,0.4603174603174603,0.5,1.366742596810934,0.45558086560364464,0.06666666666666667,0,0,16.950852557673016
"Kia Vaughn","ATL",29,401,811,9.001233045622689,3.945745992601726,9.741060419235511,0.4050632911392405,0,0.12330456226880394,0,0,1.1097410604192355,4.68557336621455,3.2059186189889024,0,0,0.59375,0.7037037037037037,0,0.0125,0.45645625,0.4,0.42441860465116277,1.2330456226880395,0.7398273736128237,0.0759493670886076,0,0,13.100436681222707
"Imani McGee-Stafford","ATL",39,397,783,14.559386973180077,6.641123882503193,14.048531289910601,0.4727272727272727,0,0,0,0,1.277139208173691,9.195402298850574,4.086845466155811,0,0,0.6923076923076923,0.9473684210526315,0,0,0.4628263636363636,0.4727272727272727,0.4789915966386555,3.5759897828863347,0.7662835249042146,0.05454545454545454,0,0,15.343915343915345
"Ketia Swanier","ATL",34,389,779,9.75609756097561,2.6957637997432604,6.675224646983312,0.40384615384615385,0.6418485237483954,3.851091142490372,0.16666666666666666,0.1724137931034483,2.4390243902439024,1.797175866495507,3.594351732991014,1.5404364569961488,0.3851091142490372,0.3333333333333333,0.3333333333333333,0.8,0.36585365853658536,0.5046913580246913,0.3475609756097561,0.4,0,0.25673940949935814,0.038461538461538464,0,0,15.419501133786847
"Jennifer Lacy","ATL",32,362,747,12.85140562248996,4.149933065595716,11.78045515394913,0.3522727272727273,0.535475234270415,2.5435073627844713,0.21052631578947367,0.21052631578947367,2.9451137884872827,4.016064257028113,4.28380187416332,1.606425702811245,0,0.4838709677419355,0.6,1,0.17757009345794392,0.45477056074766353,0.34579439252336447,0.3902439024390244,1.606425702811245,1.606425702811245,0.13636363636363635,0,0,16.704545454545453
"Ivory Latta","ATL",24,350,733,19.918144611186904,3.6834924965893587,8.185538881309686,0.45,2.4556616643929057,6.8212824010914055,0.36,0.3673469387755102,5.184174624829468,1.6371077762619373,5.729877216916781,3.2742155525238745,4.092769440654843,0.2222222222222222,0.2222222222222222,0.4444444444444444,0.45454545454545453,0.49780138888888886,0.4909090909090909,0.5572519083969466,0,1.0914051841746248,0.13333333333333333,0,0,18.171296296296294
"Marie GÃ¼lich","ATL",31,349,683,14.93411420204978,4.538799414348462,12.152269399707174,0.37349397590361444,1.171303074670571,3.6603221083455346,0.32,0.32,2.342606149341142,6.44216691068814,2.6354319180087846,3.513909224011713,0,0.7096774193548387,0.8148148148148148,1,0.23148148148148148,0.47025092592592593,0.39814814814814814,0.42857142857142855,1.171303074670571,1.171303074670571,0.0963855421686747,0,0,18.564356435643564
"Carla Cortijo","ATL",29,325,653,21.745788667687595,5.51301684532925,13.629402756508423,0.4044943820224719,2.1439509954058193,7.197549770290965,0.2978723404255319,0.30434782608695654,4.287901990811639,1.8376722817764166,9.188361408882082,3.6753445635528332,2.756508422664625,0.16666666666666666,0.17142857142857143,0.5714285714285714,0.34558823529411764,0.4651694029850746,0.41911764705882354,0.46710526315789475,0.30627871362940273,1.8376722817764166,0.1348314606741573,0.15313935681470137,0.02127659574468085,23.78449408672799
"Rachel Hollivay","ATL",39,317,612,7.8431372549019605,2.6143790849673203,7.189542483660131,0.36363636363636365,0,0,0,0,2.6143790849673203,3.2679738562091503,1.9607843137254901,0,0,0.625,0.7692307692307693,0,0,0.4974636363636364,0.36363636363636365,0.39344262295081966,0.9803921568627451,1.4705882352941178,0.20454545454545456,0,0,10.13888888888889
"Aerial Powers","ATL",17,304,601,24.292845257903494,5.8236272878535775,16.97171381031614,0.3431372549019608,2.329450915141431,5.990016638935108,0.3888888888888889,0.3888888888888889,5.657237936772047,5.324459234608985,6.322795341098169,5.990016638935108,0.9983361064891847,0.45714285714285713,0.5,0.8571428571428571,0.2608695652173913,0.46363586956521735,0.4057971014492754,0.46178343949044587,0.9983361064891847,1.663893510815308,0.09803921568627451,0,0,25.289017341040463
"Courtney Paris","ATL",32,298,601,16.97171381031614,7.1547420965058235,13.643926788685524,0.524390243902439,0,0.16638935108153077,0,0,2.6622296173044924,9.650582362728786,4.658901830282862,0,0,0.6744186046511628,0.9354838709677419,0,0.012048192771084338,0.5391,0.5180722891566265,0.5257731958762887,3.9933444259567388,2.329450915141431,0.17073170731707318,0,0,14.363143631436314
"Sydney Carter","ATL",26,294,578,8.823529411764707,1.7301038062283738,7.26643598615917,0.23809523809523808,0.8650519031141869,5.190311418685121,0.16666666666666666,0.17857142857142858,2.7681660899653977,1.7301038062283738,1.7301038062283738,1.5570934256055364,1.0380622837370241,0.5,0.5,0.6,0.4166666666666667,0.47091000000000005,0.24305555555555555,0.3148148148148148,0,2.2491349480968856,0.30952380952380953,0.17301038062283736,0.03333333333333333,14.055636896046853
"Glory Johnson","ATL",18,272,552,15.398550724637682,3.6231884057971016,7.427536231884058,0.4878048780487805,1.9927536231884058,7.608695652173913,0.2619047619047619,0.2619047619047619,2.1739130434782608,5.072463768115942,2.1739130434782608,5.978260869565218,0,0.7,0.7,1,0.5060240963855421,0.46017289156626506,0.4397590361445783,0.4521276595744681,0,0.5434782608695652,0.07317073170731707,0,0,17.011128775834656
"Sandora Irvin","ATL",30,248,479,11.273486430062631,4.175365344467641,11.273486430062631,0.37037037037037035,0,1.0438413361169103,0,0,2.922755741127349,3.3402922755741127,5.010438413361169,0,0,0.4,0.7272727272727273,0,0.0847457627118644,0.49758559322033896,0.3389830508474576,0.391304347826087,3.757828810020877,1.0438413361169103,0.09259259259259259,0,0,13.980263157894736
"Courtney Clements","ATL",26,244,469,12.366737739872068,2.345415778251599,12.793176972281449,0.18333333333333332,1.9189765458422174,8.315565031982942,0.23076923076923078,0.23076923076923078,1.9189765458422174,0.8528784648187633,3.837953091684435,3.837953091684435,1.9189765458422174,0.18181818181818182,0.18181818181818182,0.6666666666666666,0.3939393939393939,0.435670202020202,0.2474747474747475,0.2761904761904762,0,0.8528784648187633,0.06666666666666667,0,0,20.07168458781362
"Tamera Young","ATL",22,243,480,16.458333333333332,5,15,0.3333333333333333,0.8333333333333334,2.9166666666666665,0.2857142857142857,0.2857142857142857,3.9583333333333335,7.083333333333333,2.9166666666666665,1.875,0.625,0.7083333333333334,0.8095238095238095,0.75,0.16279069767441862,0.4738517441860465,0.3488372093023256,0.395,1.25,1.0416666666666667,0.06944444444444445,0,0,19.863013698630137
"Lorela Cubaj","ATL",31,243,464,7.112068965517241,3.2327586206896552,7.758620689655173,0.4166666666666667,0,0,0,0,0.646551724137931,4.310344827586207,2.1551724137931036,0,0,0.6666666666666666,0.8333333333333334,0,0,0.4358138888888889,0.4166666666666667,0.4342105263157895,1.293103448275862,0.646551724137931,0.08333333333333333,0,0,9.479553903345725
"Cierra Burdick","ATL",19,237,460,11.08695652173913,3.9130434782608696,10.217391304347826,0.3829787234042553,0,0.21739130434782608,0,0,3.260869565217391,5.6521739130434785,2.1739130434782608,0,0,0.7222222222222222,0.8125,0,0.020833333333333332,0.42038125,0.375,0.4473684210526316,0.8695652173913043,1.3043478260869565,0.1276595744680851,0,0,12.66294227188082
"Nikki Teasley","ATL",10,234,465,8.387096774193548,1.075268817204301,2.795698924731183,0.38461538461538464,1.5053763440860215,3.6559139784946235,0.4117647058823529,0.4117647058823529,1.7204301075268817,0.43010752688172044,1.7204301075268817,4.516129032258065,0,0.2,0.2,1,0.5666666666666667,0.47298333333333337,0.5166666666666667,0.5571428571428572,0,0,0,0.21505376344086022,0.058823529411764705,8.785046728971963
"Laeticia Amihere","ATL",37,229,473,15.856236786469344,5.07399577167019,14.16490486257928,0.3582089552238806,0,0.21141649048625794,0,0,5.708245243128964,7.188160676532769,2.959830866807611,0,0,0.7083333333333334,0.7727272727272727,0,0.014705882352941176,0.5552183823529412,0.35294117647058826,0.39473684210526316,0.8456659619450317,2.1141649048625792,0.14925373134328357,0,0,21.268656716417908
"Crystal Dangerfield","ATL",15,211,416,11.057692307692308,2.4038461538461537,7.451923076923077,0.3225806451612903,1.2019230769230769,5.528846153846154,0.21739130434782608,0.21739130434782608,2.644230769230769,0.9615384615384616,3.8461538461538463,3.605769230769231,0,0.2,0.2,1,0.42592592592592593,0.4670301886792453,0.32407407407407407,0.3898305084745763,0,0.4807692307692308,0.06451612903225806,0,0,14.376321353065538
"Candice Dupree","ATL",10,203,391,18.67007672634271,8.439897698209718,18.67007672634271,0.4520547945205479,0,0.7672634271099744,0,0,1.7902813299232736,11.253196930946292,5.626598465473146,0,0,0.6666666666666666,0.7333333333333333,0,0.039473684210526314,0.4295828947368421,0.4342105263157895,0.45625,1.5345268542199488,0.7672634271099744,0.0410958904109589,0,0,19.733924611973393
"Meighan Simmons","ATL",36,189,386,25.129533678756477,3.626943005181347,11.398963730569948,0.3181818181818182,4.66321243523316,18.134715025906736,0.2571428571428571,0.2571428571428571,3.8860103626943006,3.626943005181347,3.626943005181347,13.212435233160623,0.7772020725388601,0.5,0.5,0.9444444444444444,0.6140350877192983,0.4694320175438596,0.35964912280701755,0.38934426229508196,0,1.2953367875647668,0.11363636363636363,0,0,29.157667386609074
"DeLisha Milton-Jones","ATL",20,184,358,13.128491620111731,4.4692737430167595,11.731843575418994,0.38095238095238093,0.5586592178770949,3.35195530726257,0.16666666666666666,0.16666666666666666,2.5139664804469275,5.58659217877095,3.35195530726257,1.675977653631285,0,0.625,0.6666666666666666,1,0.2222222222222222,0.4156287037037037,0.35185185185185186,0.39166666666666666,0.5586592178770949,1.3966480446927374,0.11904761904761904,0,0,18.095238095238095
"Beatrice Mompremier","ATL",21,175,359,12.534818941504179,5.571030640668524,12.256267409470752,0.45454545454545453,0,0,0,0,1.392757660167131,8.913649025069638,2.2284122562674096,0,0,0.8,0.8888888888888888,0,0,0.5594704545454546,0.45454545454545453,0.45,1.1142061281337048,1.6713091922005572,0.13636363636363635,0,0,16.00985221674877
"Amanda Thompson","ATL",21,174,339,10.619469026548673,3.8348082595870205,10.619469026548673,0.3611111111111111,0,0,0,0,2.949852507374631,4.129793510324483,3.5398230088495577,0,0,0.5384615384615384,0.6363636363636364,0,0,0.4903666666666666,0.3611111111111111,0.43902439024390244,1.1799410029498525,0.5899705014749262,0.05555555555555555,0,0,13.41772151898734
"Nadia Colhado","ATL",22,168,340,14.705882352941176,7.0588235294117645,14.117647058823529,0.5,0,0,0,0,0.5882352941176471,11.764705882352942,2.3529411764705883,0,0,0.8333333333333334,0.9523809523809523,0,0,0.44840624999999995,0.5,0.49019607843137253,1.7647058823529411,3.235294117647059,0.22916666666666666,0,0,15.844155844155845
"Markeisha Gatling","ATL",16,168,325,12.923076923076923,5.230769230769231,11.692307692307692,0.4473684210526316,0,0,0,0,2.4615384615384617,6.153846153846154,4.3076923076923075,0,0,0.5882352941176471,0.9090909090909091,0,0,0.5151078947368422,0.4473684210526316,0.5,3.6923076923076925,1.2307692307692308,0.10526315789473684,0,0,13.333333333333334
"Iliana Rupert","ATL",20,158,325,10.76923076923077,1.8461538461538463,3.6923076923076925,0.5,1.8461538461538463,6.769230769230769,0.2727272727272727,0.2727272727272727,1.5384615384615385,3.6923076923076925,0,5.538461538461538,0,1,1,1,0.6470588235294118,0.503879411764706,0.4411764705882353,0.4605263157894737,0,1.2307692307692308,0.3333333333333333,0,0,13.636363636363637
"Swin Cash","ATL",17,149,294,8.843537414965986,3.401360544217687,11.564625850340136,0.29411764705882354,0,3.061224489795918,0,0,2.0408163265306123,4.761904761904762,2.0408163265306123,0,0,0.7,0.7,0,0.20930232558139536,0.42729534883720927,0.23255813953488372,0.26,0,1.3605442176870748,0.11764705882352941,0,0,18.26086956521739
"Brittainey Raven","ATL",23,125,264,12.878787878787879,2.272727272727273,10.227272727272727,0.2222222222222222,1.893939393939394,6.818181818181818,0.2777777777777778,0.2777777777777778,2.6515151515151514,2.272727272727273,2.272727272727273,5.681818181818182,0,0.5,0.75,1,0.4,0.5129811111111111,0.3,0.3469387755102041,1.5151515151515151,0,0,0,0,18.387096774193548
"Ruth Riley","ATL",16,121,234,7.6923076923076925,1.7094017094017093,5.982905982905983,0.2857142857142857,0.8547008547008547,2.1367521367521367,0.4,0.4,1.7094017094017093,3.4188034188034186,0,2.5641025641025643,0,1,1,1,0.2631578947368421,0.3757815789473684,0.3684210526315789,0.4090909090909091,0,0,0,0,0,11.278195488721805
"Megan Walker","ATL",12,115,239,16.317991631799163,2.928870292887029,7.949790794979079,0.3684210526315789,2.928870292887029,7.949790794979079,0.3684210526315789,0.3684210526315789,1.6736401673640167,1.6736401673640167,4.184100418410042,8.786610878661088,0,0.2857142857142857,0.2857142857142857,1,0.5,0.4948394736842105,0.4605263157894737,0.47560975609756095,0,1.2552301255230125,0.15789473684210525,0.41841004184100417,0.05263157894736842,19.272727272727273
"Laurie Koehn","ATL",23,112,221,18.552036199095024,0.45248868778280543,0.9049773755656109,0.5,5.882352941176471,17.647058823529413,0.3333333333333333,0.3333333333333333,0,0.9049773755656109,0,17.647058823529413,0,1,1,1,0.9512195121951219,0.4846987804878049,0.5,0.5,0,0.45248868778280543,0.5,0.45248868778280543,0.02564102564102564,18.951612903225808
"Destanni Henderson","ATL",6,105,209,11.483253588516746,4.30622009569378,9.090909090909092,0.47368421052631576,0.4784688995215311,4.784688995215311,0.1,0.1,1.4354066985645932,1.9138755980861244,6.698564593301436,1.4354066985645932,0,0.2222222222222222,0.2222222222222222,1,0.3448275862068966,0.5241706896551724,0.3620689655172414,0.375,0,0.9569377990430622,0.10526315789473684,0,0,16.867469879518072
"Jordan Hooper","ATL",15,101,215,21.86046511627907,1.8604651162790697,6.046511627906977,0.3076923076923077,5.5813953488372094,13.023255813953488,0.42857142857142855,0.42857142857142855,1.3953488372093024,2.7906976744186047,0.9302325581395349,15.348837209302326,1.3953488372093024,0.75,1,0.9166666666666666,0.6829268292682927,0.4815451219512195,0.5365853658536586,0.5476190476190477,0.9302325581395349,0.46511627906976744,0.07692307692307693,0.46511627906976744,0.03571428571428571,18.623481781376515
"Alaina Coates","ATL",9,75,151,16.556291390728475,5.960264900662252,9.271523178807946,0.6428571428571429,0,0,0,0,4.635761589403973,7.947019867549669,3.9735099337748343,0,0,0.6666666666666666,1,0,0,0.5408857142857143,0.6428571428571429,0.625,3.9735099337748343,1.9867549668874172,0.21428571428571427,0,0,13.559322033898304
"Brianna Kiesel","ATL",9,75,148,9.45945945945946,1.3513513513513513,4.054054054054054,0.3333333333333333,0.6756756756756757,6.081081081081081,0.1111111111111111,0.1111111111111111,4.72972972972973,1.3513513513513513,1.3513513513513513,2.027027027027027,0,0.5,0.5,1,0.6,0.48662500000000003,0.23333333333333334,0.35,0,0.6756756756756757,0.16666666666666666,0,0,13.017751479289942
"Jaylyn Agnew","ATL",12,71,149,10.06711409395973,0.6711409395973155,1.342281879194631,0.5,2.0134228187919465,8.724832214765101,0.23076923076923078,0.23076923076923078,2.684563758389262,1.342281879194631,0,6.040268456375839,0,1,1,1,0.8666666666666667,0.52339,0.36666666666666664,0.4411764705882353,0,0,0,0,0,12.941176470588236
"Kalani Brown","ATL",11,66,134,23.880597014925375,9.701492537313433,19.402985074626866,0.5,0,0,0,0,4.477611940298507,14.925373134328359,4.477611940298507,0,0,0.7692307692307693,0.8333333333333334,0,0,0.4625346153846154,0.5,0.5333333333333333,1.492537313432836,1.492537313432836,0.07692307692307693,0,0,23.972602739726028
"Alexis Jones","ATL",6,53,109,22.01834862385321,0.9174311926605505,1.834862385321101,0.5,6.422018348623853,17.431192660550458,0.3684210526315789,0.3684210526315789,0.9174311926605505,0,1.834862385321101,11.009174311926605,8.256880733944953,0,0,0.5714285714285714,0.9047619047619048,0.4751666666666667,0.5476190476190477,0.5454545454545454,0,0,0,0.9174311926605505,0.05263157894736842,22.764227642276424
"Jessica Moore","ATL",8,43,81,18.51851851851852,7.407407407407407,11.11111111111111,0.6666666666666666,0,0,0,0,3.7037037037037037,12.345679012345679,2.4691358024691357,0,0,0.8333333333333334,1,0,0,0.47755555555555557,0.6666666666666666,0.6818181818181818,2.4691358024691357,2.4691358024691357,0.2222222222222222,0,0,17
"Destiny Slocum","ATL",3,41,87,16.091954022988507,1.1494252873563218,2.2988505747126435,0.5,3.4482758620689653,10.344827586206897,0.3333333333333333,0.3333333333333333,3.4482758620689653,0,2.2988505747126435,6.896551724137931,3.4482758620689653,0,0,0.6666666666666666,0.8181818181818182,0.5512636363636364,0.5,0.5384615384615384,0,0,0,0,0,17.142857142857142
"Maggie Lucas","ATL",7,36,74,4.054054054054054,0,1.3513513513513513,0,1.3513513513513513,13.513513513513514,0.1,0.1,0,0,0,4.054054054054054,0,0,0,1,0.9090909090909091,0.4899590909090909,0.13636363636363635,0.13636363636363635,0,0,0,0,0,19.27710843373494
"Kelly Mazzante","ATL",6,34,74,4.054054054054054,0,0,0,1.3513513513513513,16.216216216216218,0.08333333333333333,0.08333333333333333,0,0,0,4.054054054054054,0,0,0,1,1,0.5418999999999999,0.125,0.125,0,0,0,0,0,14.942528735632184
"Brittany Brewer","ATL",5,33,68,5.882352941176471,2.9411764705882355,4.411764705882353,0.6666666666666666,0,0,0,0,0,2.9411764705882355,2.9411764705882355,0,0,0.5,1,0,0,0.4735666666666667,0.6666666666666666,0.6666666666666666,2.9411764705882355,0,0,0,0,6.578947368421052
"Taylor Mikesell","ATL",6,29,59,28.8135593220339,3.389830508474576,5.084745762711864,0.6666666666666666,5.084745762711864,11.864406779661017,0.42857142857142855,0.42857142857142855,6.779661016949152,0,6.779661016949152,15.254237288135593,0,0,0,1,0.7,0.45822,0.65,0.65,0,0,0,0,0,16.923076923076923
"Haley Peters","ATL",4,26,51,3.9215686274509802,0,13.72549019607843,0,0,0,0,0,3.9215686274509802,0,0,0,0,0,0,0,0,0.4283571428571428,0,0.125,0,1.9607843137254901,0.14285714285714285,0,0,18.75
"Anne Marie Armstrong","ATL",9,25,47,12.76595744680851,0,0,0,4.25531914893617,8.51063829787234,0.5,0.5,0,0,0,12.76595744680851,0,0,0,1,1,0.542625,0.75,0.75,0,0,0,0,0,8.771929824561404
"Samantha Logic","ATL",4,23,48,6.25,0,6.25,0,2.0833333333333335,16.666666666666668,0.125,0.125,0,0,0,6.25,0,0,0,1,0.7272727272727273,0.46301363636363635,0.13636363636363635,0.13636363636363635,0,2.0833333333333335,0.3333333333333333,0,0,20.689655172413794
"Darxia Morris","ATL",5,21,44,11.363636363636363,2.272727272727273,11.363636363636363,0.2,2.272727272727273,2.272727272727273,1,1,0,4.545454545454546,0,6.818181818181818,0,1,1,1,0.16666666666666666,0.41267499999999996,0.4166666666666667,0.4166666666666667,0,2.272727272727273,0.2,0,0,23.52941176470588
"Yvonne Turner","ATL",2,16,33,3.0303030303030303,0,3.0303030303030303,0,0,0,0,0,3.0303030303030303,0,0,0,0,0,0,0,0,0.4557,0,0.25,0,3.0303030303030303,1,0,0,7.692307692307692
"Inga Orekhova","ATL",2,14,31,0,0,6.451612903225806,0,0,9.67741935483871,0,0,0,0,0,0,0,0,0,0,0.6,0.52423,0,0,0,0,0,0,0,13.88888888888889
"Ezinne Kalu","ATL",1,13,24,12.5,4.166666666666667,8.333333333333334,0.5,0,4.166666666666667,0,0,4.166666666666667,0,8.333333333333334,0,0,0,0,0,0.3333333333333333,0.3806333333333333,0.3333333333333333,0.5,0,0,0,0,0,11.538461538461538
"Chelsea Hopkins","ATL",2,8,16,0,0,6.25,0,0,0,0,0,0,0,0,0,0,0,0,0,0,0.2847,0,0,0,0,0,0,0,6.25
"Alexis Prince","ATL",2,6,12,58.333333333333336,16.666666666666668,33.333333333333336,0.5,8.333333333333334,8.333333333333334,1,1,0,16.666666666666668,16.666666666666668,25,0,0.5,1,1,0.2,0.42314999999999997,0.7,0.7,16.666666666666668,0,0,0,0,35.71428571428571
"Erica McCall","ATL",1,5,12,0,0,0,0,0,0,0,0,0,0,0,0,0,0,0,0,0,0,0,0,0,0,0,0,0,0
"Avery Warley-Talbert","ATL",1,4,8,0,0,25,0,0,0,0,0,0,0,0,0,0,0,0,0,0,0.29985,0,0,0,0,0,0,0,37.5
"Kaela Davis","ATL",2,2,6,0,0,0,0,0,0,0,0,0,0,0,0,0,0,0,0,0,0,0,0,0,0,0,0,0,0
"Kaila Charles","ATL",1,2,4,0,0,0,0,0,0,0,0,0,0,0,0,0,0,0,0,0,0,0,0,0,0,0,0,0,0
"Adaora Elonu","ATL",1,1,2,0,0,0,0,0,0,0,0,0,0,0,0,0,0,0,0,0,0,0,0,0,0,0,0,0,0