Player,Team,pct_FGA_2PT,pct_FGA_3PT,pct_PTS_MR,pct_PTS_FB,pct_PTS_FT,pct_PTS_IP,pct_AST_2PT,pct_UAST_2PT,pct_AST_3PT,pct_UAST_3PT,Usage,pct_FGA,pct_3PA,pct_FTA,pct_OREB,pct_REB,pct_AST,pct_TOV,pct_BLA,pct_PF,pct_PFD,Unnamed: 0,RA_FGA,ITP_FGA,MR_FGA,LC3_FGA,RC3_FGA,AB3_FGA,Year,year,Total Minutes
ALIYAH BOSTON,IND,1.2330766229643235,-1.2286275290401474,-1.1179252064008929,-0.5513453490409126,-0.2662896699620483,1.5147219085735042,0.1809644883751073,-0.05554531549224589,0.2749553221774332,0.4996398487312043,0.4367084893023258,0.4147132340161995,-1.1527104207920773,0.23457312103510944,1.8565049766275692,1.4300006704553565,0.08275259718705504,-0.12825438776058928,1.4211345568298897,0.3985065492561889,0.21103017601646112,-1.588664813906476,2.7411633310506294,1.1002782799282498,0.2540003251250339,-0.95989755595179,-0.18752289237539813,-0.7280613596506317,0,2024,1236.0
ALLISHA GRAY,ATL,-0.21996409580710144,0.2519177418205356,0.23880004932998108,0.4006396550540162,0.25509129347002485,-0.4240461415323754,-0.04946397014350856,0.18919866694995413,0.5103465702180952,-0.14080715744667693,0.7447194184149277,0.6981081316899461,0.992708978498364,0.8564185954165646,-0.353870533213222,-0.4833455971205447,-0.13447962256700177,-0.31287485424970074,0.03163847443419768,-0.45422212747710244,0.7128879479531577,-1.5666000248244416,0.964830190391148,0.8601341326408516,0.5863174171636202,0.9972961620278334,2.0205591653449155,1.3188821237026525,0,2024,1328.0
ALYSHA CLARK,LVA,-1.3301043499717002,1.3830717983188152,1.4115625585210756,0.35105710275740537,-0.5633555677314853,-0.6943551485182913,1.1107635315204,-1.0431087534169134,0.670966480645841,-0.5778180557798194,-1.206016465964884,-1.250231789817061,0.04420777039101093,-0.9600247639608437,-0.2773869515578313,-0.22390881507635485,-0.37677709844652707,0.24098654521763402,-0.9168798093568732,0.7423487576163869,-0.7014385002320779,-1.5445352357424074,-0.6277443495104558,-0.580730751083539,-0.6598716779810778,0.9972961620278334,2.7565865179183535,0.24154344825355545,0,2024,972.0
ALYSSA THOMAS,CON,1.430244390113248,-1.4295274772985291,-1.2926898156136835,0.9757972616947023,0.16415275333652374,1.4681169073690359,0.03543072510019214,0.099029831313354,-2.0983423198325357,-0.5778180557798194,0.08762943630804379,-0.594881088946522,-1.3484328923062932,0.32457707127453067,1.2446363233844435,1.3002822794332616,2.447241758356214,1.8779546814210912,0.19804519088877154,-0.5917590108211817,0.38439922450368375,-1.522470446660373,1.8223703272612426,0.9401821817366511,-0.32755458594249176,-0.95989755595179,-0.923550244948836,-0.9435290947404511,0,2024,1296.0
ARIEL ATKINS,WAS,-0.42570437457119686,0.4615524704379773,0.5331404437936286,-0.46209675490701296,-0.28447737798874856,-0.7968861511681214,0.031388120564777765,0.1033235853912874,0.529731731821444,-0.1935498520730907,1.03219628558669,1.070063934886738,0.608791822835864,0.3409414258635163,-0.16266157907474513,-0.5373949267130843,0.032622084936118984,0.22867851411836018,0.07324015354784115,-0.11037991911690448,0.6125163935658186,-1.4562760794142697,-0.13772141415611605,0.7000380344492525,1.666347966289025,0.9972961620278334,1.2845318127714773,1.5882167925649266,0,2024,1196.0
BRIONNA JONES,CON,1.3359467623463708,-1.3334448933488685,-1.2421000603152441,-0.8190911314426113,0.04290136649185556,1.1791658999013326,0.6256509872706821,-0.5278582640649131,0.670966480645841,-0.5778180557798194,0.7652534803557681,0.6803959505853368,-1.1752937828898715,0.7173215814101865,1.259933039715522,0.4787324696266597,-0.6608500012018322,-0.32518288534897477,0.7222263477206793,0.7285950692819788,0.7767607552905557,-1.2797577667579947,2.312393262615582,1.0202302308324507,0.4201588711443271,-0.95989755595179,-0.923550244948836,-0.7819282934230866,0,2024,1088.0
CAITLIN CLARK,IND,-1.141509094437946,1.190906630419494,0.8964668682096931,-0.0456033156154816,0.14596504530982346,-0.7409601497227596,-1.8241673611903935,2.074156707162689,-0.6693789787856933,3.068962544103645,1.730354391575254,0.9106543049452558,1.4970707320157661,0.9709690775394642,-1.1034096334360508,-0.1158101558912757,2.2968502216034055,2.776440951668101,0.18972485506604303,-0.4129610624738786,0.9866285508277194,-1.191498610429857,0.8423244565525633,0.059653641682856834,-0.16139603992319862,-0.4705991264568841,-0.923550244948836,3.742894143463121,0,2024,1416.0
CECILIA ZANDALASINI,MIN,-0.5457195371835858,0.5838393954648183,1.0436370654415166,-0.20426748296463637,-0.5391052903625516,-1.1976891615265486,0.2982000199021227,-0.1800641837523129,0.670966480645841,-0.5778180557798194,-0.11771118310035748,0.007333068610188835,0.4431805007853738,-0.22362880745648903,-1.034574409946199,-0.8076415746757822,-0.23474064706887432,0.007133954331426107,0.6723043327843072,0.7561024459507946,-0.25432884887029367,-1.1473690322657883,-0.8727558171876255,-0.6607788001793384,0.004762506096094478,0.5079977325329275,-0.923550244948836,-0.18939202192608323,0,2024,488.0
COURTNEY WILLIAMS,MIN,0.8044510422057911,-0.7918885110871436,-0.5798341727720377,0.5394708014845268,-0.6785443852339201,-1.1138001593585056,-0.5790451642827841,0.7516804511592213,0.5518862022252708,-0.2538272173604207,1.1348665952908905,1.0523517537821292,-0.5956541557131558,-0.5918267857086664,-0.9045523211320349,0.1111970283973907,1.5031171109635817,1.090240691067548,-0.6090273839159116,-0.22040942579216743,-0.8018100546194171,-0.9929155086915475,-0.5052386156718709,-0.020394407412942715,4.823360340655593,-0.95989755595179,-0.923550244948836,-0.13552508815362835,0,2024,1060.0
DEWANNA BONNER,CON,-0.17281528192366283,0.20387644984570513,0.041040096799718206,0.013895747140451407,0.06108907451855583,-0.32151513888254546,0.22543313826466513,-0.10277661034951266,0.3857276741965682,0.19825302229455435,0.8063216042374483,0.9992152104683015,1.195959237378511,0.33275924856902334,-0.8510138139732615,0.30577461493053326,-0.5104584644490237,-0.5590354762351829,0.32285022822970194,-0.839325400840524,-0.04446105333312958,-0.90465635236341,0.7810715896332707,0.21974973987445576,1.666347966289025,1.486594591522739,2.0205591653449155,1.2111482561577427,0,2024,1272.0
DEARICA HAMBY,LAS,0.7615884841299378,-0.7482146092918432,-0.6948108893593999,0.3014745504607945,-0.04197460429941208,1.1558633992990983,0.4882024330665957,-0.3818706254151796,0.670966480645841,-0.5778180557798194,1.1554006572317301,0.8752299427360376,-0.5279040694197734,1.0282443186009138,0.5562840884859273,1.6137683910699914,0.16630345093861543,0.5240712605009387,2.0285190718890838,-0.3304389324674309,0.7858854420530409,-0.8825915632813756,3.231186266404969,1.4204704763114482,-0.4106338589521383,-0.4705991264568841,-0.18752289237539813,0.13380958070864588,0,2024,1348.0
HALEY JONES,ATL,0.6587183447478898,-0.6433972449831225,-0.7591978506483227,-0.08526935745277034,0.15202761465205697,0.9321593935176509,0.011175097887706183,0.12479235578095407,0.670966480645841,-0.5778180557798194,-0.7337330413255613,-1.1262465220847966,-0.6935153914702635,-0.26453969392895316,-0.9504424701252693,-0.6022541222241319,0.5005068659448569,0.8563881001813395,0.1647638475978569,0.8111171992884265,-0.6284410061321949,-0.4854253598047566,-0.44398574875257835,-0.020394407412942715,-0.4937131319617848,-0.4705991264568841,-0.923550244948836,-0.6741944258781768,0,2024,712.0
JACY SHELDON,DAL,-0.49857072330014746,0.5357981034899881,0.6159236797365293,0.1527268935709619,-0.44210418088681713,-0.25160763707584305,0.2173479291938364,-0.09418910219364617,0.30264841018221694,0.42429314212204183,-1.0212099084973227,-0.9845490732479236,0.1872357303437072,-0.943660409371858,-0.5603762036827769,-0.9481698316163851,0.17465853631377157,-0.11594635666131499,-0.02660387632490311,0.35724548425296504,-0.9934284766316105,-0.397166203476619,-0.38273288183328597,-0.42063465289194,-0.32755458594249176,0.5079977325329275,-0.18752289237539813,0.13380958070864588,0,2024,932.0
JULIE VANLOO,WAS,-1.6258560006950875,1.684421720706388,2.0876256520547654,-0.5017627967443017,-0.9331722976077232,-1.188368161285655,-0.8539422726909575,1.043655728458688,0.2860325573793464,0.4695011660875393,0.3545722415389656,0.113606155237844,1.1206813637191975,-1.0663930687892504,-1.225783364084676,-1.0886980885569881,1.1689136959573403,1.3856334374501265,-0.733832421256842,-0.05536516577927251,-0.8109347413819027,-0.15445352357424072,-0.6277443495104558,-0.580730751083539,-0.4106338589521383,0.01869930303802174,-0.923550244948836,1.8575514614272008,0,2024,928.0
KAYLA THORNTON,NYL,-1.180085396706214,1.2302131420352642,1.517341137781449,-0.05551982607480374,-0.5391052903625516,-0.7502811499636531,-0.627556418707756,0.8074992541723546,0.670966480645841,-0.5778180557798194,-1.0622780323790033,-0.6834419944695679,0.1947635177096384,-0.8618386364269297,0.18916289654005192,-0.5698245244686081,-1.04518392845901,-1.235977186695259,-0.04324454797036044,-0.4954831924803258,-1.1759222118813184,0.04412957816406878,-0.6889972164297482,-0.580730751083539,-0.4106338589521383,1.9758930210176449,1.2845318127714773,0.24154344825355545,0,2024,808.0
KELSEY MITCHELL,IND,-0.44713565360912344,0.4833894213356275,0.6665134350349687,0.4105561655133384,-0.39360362614894984,-0.410064641171035,0.3830947151458231,-0.27023301938891287,0.18910674936260324,0.7332146392196079,1.237536904995091,1.459731919188139,1.0679868521576776,0.3000305393910521,-0.7133433669935582,-1.1319375522310198,-0.6775601719521444,-0.5344194140366347,-0.15972924948856201,-1.3207044925448013,0.07415987457918026,0.06619436724610317,1.6386117265033653,-0.10044245650874209,1.1678723282311458,0.9972961620278334,2.0205591653449155,2.234619997834385,0,2024,1280.0
KIA NURSE,LAS,-1.1243640712076044,1.1734370697013734,1.121821232720923,0.3609736132167275,-0.21778911522418107,-0.8434911523725896,0.40735034235830936,-0.29599554385651283,0.4106514534008734,0.13044098634630807,0.005493188544683573,0.18445487965628035,1.1507925131829229,-0.19908227557301048,-0.5756729200138551,-1.0454586248829565,-0.44361778144777525,-0.47287925854026425,-0.6339883913840976,-0.17914836078894408,-0.14483260772046902,0.13238873449220634,-0.5664914825911633,-0.34058660379614053,-0.32755458594249176,0.01869930303802174,0.5485044601980398,0.9418135872954686,0,2024,812.0
LEONIE FIEBICH,NYL,-1.2015166757441404,1.2520500929329144,1.5495346184259102,0.9361312198574137,-0.7331075093140208,-0.6850341482773977,0.2982000199021227,-0.1800641837523129,0.670966480645841,-0.5778180557798194,-0.9390736607339626,-0.807427262201832,0.15712458087998155,-0.894567345604901,0.1968112547055911,-0.3860568038539736,-0.34335675694590284,-0.3621069786467972,-0.8087154436614001,1.0174225243045452,-0.6375656928946802,0.30890704714848144,-0.5664914825911633,-0.6607788001793384,-0.5767924049714312,0.9972961620278334,0.5485044601980398,0.4031442495709201,0,2024,836.0
LINDSAY ALLEN,CHI,0.5601344611734276,-0.5429472708539315,-0.5614378981180598,-0.0456033156154816,-0.17535112982854714,0.6012638849659262,-1.0520298949262592,1.254049678277422,0.2749553221774332,0.4996398487312043,-0.856937412970602,-0.9845490732479236,-0.279487086344038,-0.4527297717022882,-1.11105799160159,-1.1535572840680357,1.2858848912095246,0.15483032752271533,-0.841996786952315,-0.8668327775093397,0.0194117540042681,0.397166203476619,0.10729005352105371,-0.260538554700341,0.1709210521153875,0.01869930303802174,-0.18752289237539813,-0.4587266907883575,0,2024,952.0
MARINA MABREY,CON,-0.6700209556035605,0.7104937106711896,1.0574342714320002,0.13289387265231742,-0.617918691811586,-0.8947566536975048,0.07585677045433531,0.05609229053402063,-0.2899836731201559,2.036712663558119,0.8473897281191283,0.9106543049452558,2.4079330032934623,-0.4609119489967811,-0.9045523211320349,-0.36443707201695763,0.6258331465721975,0.5979194470965835,-0.7005510779659272,-0.31668524413302324,0.0011623804792973804,0.507490148886791,-0.2602271479947011,0.7000380344492525,1.334030874250439,1.486594591522739,0.5485044601980398,2.126886130289475,0,2024,1236.0
MYISHA HINES-ALLEN,MIN,0.6029970192492808,-0.5866211726492319,-0.4970509368291369,-0.22410050388328082,-0.07835002035281262,0.8762333920722889,0.5730971283102961,-0.4720394610517797,0.670966480645841,-0.5778180557798194,0.25190193183476495,0.16674269855167156,-0.5956541557131558,0.2918483620965592,0.8775151314385682,1.343521743107293,0.5088619513200131,0.339450794011827,0.239646870002415,0.32973810758414934,-0.18133135477041046,0.7281380397071349,0.7810715896332707,-0.020394407412942715,-0.5767924049714312,-0.4705991264568841,-0.18752289237539813,-0.4048597570159026,0,2024,748.0
NALYSSA SMITH,IND,0.8944624141650827,-0.8836037048572745,-0.8327829492642346,-0.005937273778192871,-0.10866286706397967,1.1232398984559704,0.5407562920269817,-0.437689428428313,0.670966480645841,-0.5778180557798194,0.375106303479806,0.3084401473885443,-0.8064322019592342,1.1509769780183063,0.9998888620871931,1.3759513408628168,-0.9031474770813573,-0.5098033518380864,1.1049617955661992,0.5773044976034915,0.8497582493904385,0.7502028287891692,1.2710945249876102,0.9401821817366511,0.004762506096094478,0.01869930303802174,-0.18752289237539813,-0.4587266907883575,0,2024,988.0
NATASHA MACK,PHO,1.378809320422224,-1.3771187951441688,-1.2926898156136835,-0.7893416000646447,-0.7027946626028537,1.7617284149571857,1.1309765541974717,-1.0645775238065802,-2.0983423198325357,-0.5778180557798194,-1.349754899550765,-1.1793830653986241,-1.3484328923062932,-0.8618386364269297,2.2312745267389835,2.0029235641362755,-0.3266465861955907,-0.6944238183271981,-0.351096973411322,0.19220122424007013,-0.7288125605195341,0.8384619851173069,-0.2602271479947011,-0.10044245650874209,-0.5767924049714312,-0.95989755595179,-0.923550244948836,-0.9435290947404511,0,2024,620.0
NATISHA HIEDEMAN,MIN,-0.34855177003466115,0.38293944720643674,0.3445786285903545,1.025379813991313,-0.3572282100955494,0.2470658758119674,-0.4577670282203546,0.6228678288212213,0.43003661500422213,0.07769829171989426,0.08762943630804379,0.13131833634245277,0.23240245453929526,-0.3627258214628671,-0.4838926220273861,-0.7319725132462268,0.7678695979498501,0.2656026074161826,0.13980284012967076,-0.35794630913624664,-0.17220666800792525,0.8605267741993412,-0.19897428107540857,-0.5006827019877395,-0.4937131319617848,0.01869930303802174,-0.18752289237539813,-0.027791220608718678,0,2024,608.0
NAZ HILLMON,ATL,1.4045268552677364,-1.4033231362213492,-1.232901922988255,0.033728768059095686,0.1338399066253567,1.2444129015875884,1.0986357179141573,-1.0302274911831135,0.670966480645841,-0.5778180557798194,-1.3292208376099246,-1.3742170575493249,-1.3484328923062932,-0.272721871223446,0.8698667732730293,0.6084508606487546,-0.4853932083235555,-0.42364713414316774,0.4975772805070046,-0.7430495824996685,-0.4550719576449724,0.8825915632813756,0.7198187227139783,-0.8208748983709373,-0.32755458594249176,-0.4705991264568841,-0.923550244948836,-0.997396028512906,0,2024,868.0
NIA COFFEY,ATL,-0.4299906303787822,0.46591986061750745,0.6159236797365293,-0.6405939431748121,-0.39360362614894984,-0.14907663442601277,-0.10606043363930893,0.2493112240410208,0.515885187819052,-0.15587649876850942,-0.3846539883312789,-0.31148619127277605,0.5862084607380698,-0.7963812180709872,-0.10147471375043278,0.08957729656037494,0.16630345093861543,0.24098654521763402,0.2313265341796865,0.15094015923684628,-0.820059428144388,0.90465635236341,-0.5052386156718709,-0.6607788001793384,-0.4937131319617848,0.9972961620278334,0.5485044601980398,-0.3509928232434478,0,2024,532.0
RICKEA JACKSON,LAS,0.2729553220652108,-0.25033212882541894,-0.18431426771151166,-0.08526935745277034,-0.09653772837951288,0.32163387773911667,0.1769218838396932,-0.05125156141431279,0.6072723782348384,-0.40452063057874565,0.6831172325924079,0.7512446750037731,0.029152195659148242,0.2918483620965592,0.47215214866499744,-0.28876801058740215,-0.6775601719521444,-0.12825438776058928,-0.34277663758859334,-0.8805864658437477,-0.007962306283188142,1.1694338213478226,0.7198187227139783,1.1803263290240493,0.7524759631829132,0.9972961620278334,-0.18752289237539813,0.4031442495709201,0,2024,1152.0
SAMI WHITCOMB,SEA,-1.8358825352667683,1.8984238395033601,1.949653592149931,1.005546793072669,-0.8664840348431557,-0.8947566536975048,-0.6194712096369273,0.7946179919385548,0.3774197477951332,0.22085703427730302,-0.09717712115951706,0.0958939741332346,1.7229043529937071,-1.1236683098507003,-0.583321278179394,-0.5373949267130843,0.09110768256221119,0.2656026074161826,-1.0916068616341756,0.013403275892767087,-1.1302987780688913,1.2135633995118915,-0.7502500833490408,-0.740826849275138,-0.8260302240003708,-0.4705991264568841,0.5485044601980398,1.049547454840378,0,2024,612.0
SEVGI UZUN,DAL,-0.3271204909967345,0.3611024963087866,0.284790735964926,0.07339480989638442,-0.48454216628245095,0.009380369669179245,-1.0520298949262592,1.254049678277422,-0.02136071947375323,1.3058496094492429,-0.7542671032664013,-0.8782759866202687,0.26251360400302093,-0.9272960547828724,-1.1569481405948243,-1.1211276863125117,0.9015509639523468,0.7086917269900503,-0.4343003316386089,-0.522990569149142,-0.9660544163441542,1.2576929776759602,-0.44398574875257835,-0.34058660379614053,-0.24447531293284513,0.01869930303802174,-0.18752289237539813,-0.027791220608718678,0,2024,820.0
SHATORI WALKER-KIMBROUGH,WAS,-0.31426172357397836,0.3480003257701963,0.32158328527288205,1.2137935127184347,-0.04197460429941208,-0.6430896471933764,-0.029250947466436982,0.16772989656028744,0.5131158790185734,-0.14834182810759314,-0.3025177405679183,-0.20521310464512085,0.05173555775694241,0.030018688672788684,-0.8357170976421833,-1.0130290271274327,-0.22638556169371832,-0.4113391030438937,-0.7504730929022994,-1.4857487525576962,-0.10833386067052758,1.301822555840029,-0.38273288183328597,-0.6607788001793384,0.6693966901732665,1.486594591522739,0.5485044601980398,0.13380958070864588,0,2024,884.0
SKYLAR DIGGINS,SEA,0.3543941824093321,-0.3333125422364896,-0.4050695635592471,0.9063816884794471,0.16415275333652374,0.3123128774982229,-0.5911729778890269,0.7645617133930213,-0.10997860108906136,1.546959070598563,1.1348665952908905,0.7335324938991643,0.2098190924415011,0.7664146451771434,-0.6521565016692458,-1.0454586248829565,1.7370595014679506,1.1887049398617409,0.7055856760752219,0.178447535905662,0.5942670200408479,1.3459521340040979,1.1485887911490256,1.9808068199820443,0.6693966901732665,-0.4705991264568841,-0.18752289237539813,0.6724789184331944,0,2024,1264.0
SOPHIE CUNNINGHAM,PHO,-1.7330123958847206,1.793606475194639,1.517341137781449,0.10314434127435101,-0.05409974298387907,-1.1743866609243143,0.4882024330665957,-0.3818706254151796,0.3857276741965682,0.19825302229455435,-1.1238802182015233,-0.9668368921433145,0.525986161810619,-0.3954545306408384,-0.797475306814488,-0.13742988772829146,-0.3684220130713709,-0.9528924714119545,-0.6839104063204697,-0.28917786746420704,-0.2452041621078083,1.368016923086132,-0.5664914825911633,-0.8208748983709373,-0.7429509509907244,0.9972961620278334,0.5485044601980398,1.157281322385288,0,2024,1108.0
ALANNA SMITH,MIN,-0.13852523546298004,0.16893732840946463,0.34917769725384906,0.7080514792930036,-0.3087276553576822,0.20512137472794606,0.9571445591746562,-0.8799460984554467,0.6128109958357952,-0.41958997190057806,0.08762943630804379,-0.0989400180174657,-0.05365346536609697,0.030018688672788684,1.2905264723776781,0.6084508606487546,0.1495932801883034,0.4009909495081975,0.2895688849387873,1.1824667843174401,0.4026485980286545,-1.6327943920705448,0.9035773234718555,-0.34058660379614053,-0.32755458594249176,-0.4705991264568841,-0.18752289237539813,0.5108781171158296,0,2024,1033.5
BRIDGET CARLETON,MIN,-1.6129972332723315,1.671319550167798,2.073828446064282,0.07339480989638442,-0.6542941078649864,-1.3887696664648683,0.14458104755637852,-0.01690152879084592,0.640504083840579,-0.49493667850974055,-0.9390736607339626,-0.7011541755741773,0.6539585470314523,-0.7309237997150444,-0.16266157907474513,-0.47253573120203685,-0.4853932083235555,-1.014432626908325,-0.5008630182204385,-0.45422212747710244,-0.38207446354508917,-1.301822555840029,-0.6889972164297482,-0.580730751083539,-0.4106338589521383,0.5079977325329275,2.0205591653449155,1.4266159912475622,0,2024,1166.1
DANA EVANS,CHI,-0.37426930488017285,0.40914378828361675,0.735499464987386,0.46013871780994925,-0.09653772837951288,-0.7456206498432064,-0.975220408753387,1.1724683507966882,-0.14044099789432335,1.6298404478686417,0.21083380795308485,0.23759142297010793,1.1507925131829229,-0.16635356639503912,-1.256376796746832,-1.3265151387641623,0.7762246833250063,0.10559820312561907,-0.5341443615113534,-0.9356012191813794,-0.3182016562076915,-0.9267211414454444,-0.6277443495104558,0.2997977889702553,0.004762506096094478,-0.4705991264568841,-0.18752289237539813,0.4031442495709201,0,2024,744.9000000000001
DIJONAI CARRINGTON,CON,0.4444055543686237,-0.42502773600662047,-0.5706360354450488,1.4418732532828444,0.37634268031469303,0.6758318868930755,0.04755853870643498,0.08614856907955411,0.4577297030090059,0.0023515851107318306,0.8063216042374483,0.6803959505853368,0.14959679351405034,0.692775049526708,0.05149244956034861,0.07876743064186686,-0.6608500012018322,0.044058047629248524,0.8636720567070669,0.3022307309153331,0.7493866950030994,-0.8163971960352724,2.1286346618577046,0.9401821817366511,-0.4937131319617848,-0.4705991264568841,0.5485044601980398,0.29541038202601033,0,2024,1154.4
ERICA WHEELER,IND,-0.09994893319471221,0.12963081679369437,0.16521495071406936,-0.41251420261040206,-0.6724818158916868,0.1538558734030309,-0.5184060962515693,0.6872741399902212,0.48542279101378966,-0.07299512149843065,-0.6721308555030407,-0.4886080023188672,-0.3171260231736949,-0.9763891185498293,-0.9504424701252693,-0.840071172431306,0.6926738295734458,-0.16517848105841126,-0.25125294353857774,-0.5780053224867735,-0.7470619340445048,-0.5957493052149285,-0.6277443495104558,-0.5006827019877395,-0.4106338589521383,-0.4705991264568841,-0.18752289237539813,-0.4048597570159026,0,2024,546.0
JONQUEL JONES,NYL,-0.21996409580710144,0.2519177418205356,0.17901215670455287,-0.1546849306680255,-0.2420393925931146,0.2470658758119674,0.7630995414747691,-0.6738459027146465,0.576809981429576,-0.32163925330866694,0.33403817959812515,0.113606155237844,-0.07623682746389088,0.31639489398003773,0.6863061773000915,1.4516204022923724,-0.01750842731481736,0.5240712605009387,0.20636552671150035,0.7836098226196102,0.7128879479531577,-0.2427126799023783,1.1485887911490256,-0.020394407412942715,-0.24447531293284513,0.01869930303802174,-0.18752289237539813,0.9418135872954686,0,2024,1166.1
JORDAN HORSTON,SEA,0.4915543682520626,-0.47306902798145084,-0.6166267220799937,0.4998047596472378,-0.43604161154458376,1.2816969025511629,0.36692429700416623,-0.25305800307717946,0.670966480645841,-0.5778180557798194,-0.5694605457988401,-0.6657298133649587,-0.49026513259011656,-0.6163733175921448,0.3650751343474506,0.3382042126860567,-0.2765160739446545,0.3517588251111013,-0.351096973411322,-0.2066557374577598,-0.8018100546194171,-0.2206478908203439,0.0460371866017612,0.5399419362576537,-0.5767924049714312,-0.4705991264568841,-0.18752289237539813,-0.4587266907883575,0,2024,869.7
KALANI BROWN,DAL,1.4002405994601508,-1.3989557460418192,-1.2926898156136835,-0.4224307130697243,-0.07835002035281262,1.2071289006240131,0.6337361963415109,-0.5364457722207797,-2.0983423198325357,-0.5778180557798194,0.0670953743672041,-0.15207656133129327,-1.3032661681107047,0.36548795774699483,1.1834494580601311,0.8895073745299605,-0.2598059031943425,0.5486873226994867,0.813750041770695,0.3985065492561889,0.20190548925397594,-0.08825915632813756,0.413554388117516,-0.580730751083539,-0.24447531293284513,-0.95989755595179,-0.923550244948836,-0.9435290947404511,0,2024,514.8
KAYLA MCBRIDE,MIN,-1.1886579083213844,1.238947922394324,1.1816091253463512,-0.0456033156154816,0.2369035854433246,-1.2815781636945913,0.6499066144831683,-0.5536207885325131,0.6183496134367517,-0.43465931322241064,0.3956403654206457,0.18445487965628035,1.075514639523609,1.0446086731898998,-0.9886842609529647,-1.0562684908014643,-0.10941436644153389,0.10559820312561907,-0.5674257048022682,-1.4857487525576962,0.1927808024914904,0.02206478908203439,-0.38273288183328597,-0.18049050560454163,0.4201588711443271,0.5079977325329275,2.7565865179183535,2.126886130289475,0,2024,1236.3
KIAH STOKES,LVA,-1.2829555360882616,1.3350305063439851,0.9654528981621104,-0.8190911314426113,-0.4784795969402176,-0.3168546387620985,1.64438733019509,-1.609884291704114,0.670966480645841,-0.5778180557798194,-2.602332677942013,-2.3838113805120464,-0.7537376903977147,-1.1973079055011357,0.48744886499607576,1.2786625475962456,-0.9031474770813573,-1.235977186695259,-0.8503171227750436,0.49478236759704425,-1.1394234648313768,0.15445352357424072,-0.934008684106918,-0.9809709965625364,-0.8260302240003708,0.5079977325329275,1.2845318127714773,-0.7280613596506317,0,2024,717.5999999999999
STEFANIE DOLSON,WAS,-0.892906257597997,0.9375980000067514,1.383968146540109,-0.32326560847650254,-0.5997309837848858,-0.8062071514090152,1.1148061360558148,-1.0474025074948468,0.670966480645841,-0.5778180557798194,-0.40518805027211896,-0.3469105534819942,0.23993024190522674,-0.4772763035857667,0.04384409139480971,0.48954233554516774,-0.01750842731481736,-0.2267186365547818,-0.6755900704977411,0.5773044976034915,-0.6831891267071072,1.3900817121681666,-0.3214800149139935,-0.260538554700341,-0.24447531293284513,-0.95989755595179,0.5485044601980398,1.049547454840378,0,2024,1014.0
TEAIRA MCCOWAN,DAL,1.430244390113248,-1.4295274772985291,-1.260496334969222,-0.8290076419019334,0.036838797149622064,1.6079319109824406,0.45181899224786665,-0.34322683871377957,0.670966480645841,-0.5778180557798194,0.3135041176572855,-0.028091293599029343,-1.3333773175744303,0.9873334321284497,1.734131245978944,1.8191558435216415,-0.5522338913248038,0.31483473181327887,1.6541039598662928,1.086190965976585,1.1873716596023982,1.522470446660373,2.434898996454167,0.21974973987445576,-0.32755458594249176,-0.95989755595179,-0.923550244948836,-0.9435290947404511,0,2024,982.8
TINA CHARLES,ATL,1.1430652510050312,-1.1369123352700168,-1.0305429017944976,-0.6505104536341343,-0.2662896699620483,0.6804923870135221,0.4760746194603523,-0.36898936318137965,0.670966480645841,-0.5778180557798194,1.2991390908176117,1.4774441002927485,-0.8365433514229597,0.04638304326177429,1.3593616958675296,1.8083459776031334,-0.23474064706887432,-0.1528704499591374,0.7388670193661365,-0.08287254244808825,-0.10833386067052758,1.6107296029885105,1.454853125745488,2.140902918173643,2.663299242404783,-0.95989755595179,-0.18752289237539813,-0.4587266907883575,0,2024,1158.3
TYASHA HARRIS,CON,-0.4299906303787822,0.46591986061750745,0.7309003963238915,-0.20426748296463637,-0.2662896699620483,-0.8295096520112494,-0.8781978999034434,1.0694182529262881,0.3940356005980033,0.17564901031180555,-0.179313368922878,-0.04580347470363875,0.9400144669368445,-0.3790901760518528,-1.1492997824292852,-1.2940855410086385,0.22478904856470763,-0.3867230408453453,-0.5091833540431672,-0.7292958941652606,-0.5006953914573993,1.6327943920705448,-0.3214800149139935,-0.18049050560454163,1.0847930552214993,1.486594591522739,0.5485044601980398,0.7263458522056493,0,2024,1123.2
A'JA WILSON,LVA,1.1344927393898612,-1.1281775549109565,-1.035141970457992,-0.13485190974938122,0.2369035854433246,0.35891787870269115,0.42756336503538095,-0.3174643142461795,0.670966480645841,-0.5778180557798194,2.71598936473558,2.5933115098831245,-0.8440711387888911,2.0673808350015035,1.9023951256208036,2.262360346180466,-0.4770381229483994,-0.6451916939301018,1.8870733629026966,-1.1006454791942746,1.8990972270762585,-1.7210535483986824,1.7611174603419502,4.622392440143427,4.075646883568774,-0.4705991264568841,-0.923550244948836,-0.18939202192608323,0,2024,1307.2
ARIKE OGUNBOWALE,DAL,-0.42141811876361146,0.45718508025844723,0.5377395124571228,0.5989698642404595,0.11565219859865643,-1.132442159840293,-0.946922177005487,1.1424120722511548,-0.31767676112493964,2.1120593701672816,1.6687522057527333,1.6899902735480583,2.084238146558413,0.790961177060622,-0.8969039629664959,-0.6130639881426398,0.6258331465721975,0.01944198543070039,-0.4343003316386089,-0.7155422058308527,0.4665214053660522,-1.4342112903322353,0.29104865427893095,1.1002782799282498,3.660250518520541,0.5079977325329275,-0.923550244948836,3.419692540828391,0,2024,1466.8
BREANNA STEWART,NYL,0.32439039175623474,-0.3027408109797794,-0.4740555935116645,0.35105710275740537,0.4248432350525604,0.32629437785956356,0.6296935918060967,-0.5321520181428464,0.31095633658365196,0.401689130139293,1.7098203296344143,1.4065953758743122,-0.12140355165947922,2.124656076062953,0.2579981200299037,0.9003172404484686,-0.01750842731481736,-0.27595076095187854,0.39773325063426035,-0.4679758158115101,1.6709800580141239,-1.3459521340040979,1.1485887911490256,3.0214314582274375,0.9186345092022064,1.486594591522739,-0.18752289237539813,0.8879466535230137,0,2024,1242.6
KELSEY PLUM,LVA,-0.8543299553297292,0.8982914883909812,0.9470566235081326,0.1229773621929953,-0.21172654588194756,-0.4846326430981843,-0.874155295368029,1.0651244988483548,0.16695227895877632,0.793492004506938,1.2170028430542508,1.070063934886738,1.233598174208168,0.19366223456264528,-1.034574409946199,-1.1103178203940038,0.41695601219329653,0.9056202245784363,0.8636720567070669,-0.1378872957857202,0.34790047745374203,0.08825915632813756,0.16854292044034622,1.7406626726946461,-0.16139603992319862,0.9972961620278334,3.492613870491791,2.7194224017864785,0,2024,1292.0
KENNEDY BURKE,NYL,-0.39998683972568483,0.43534812936079703,0.2893898046284205,0.11306085173367315,-0.7694829253674212,0.6199058854477134,1.021826231741285,-0.9486461637023802,0.670966480645841,-0.5778180557798194,-0.48732429803547955,-0.22292528574973025,-0.04612567800016549,-0.9354782320773651,-0.2773869515578313,-0.4833455971205447,-0.41855252532230725,-0.26364272985260423,-0.10980723455219003,-0.344192620801839,-0.820059428144388,0.11032394541017194,-0.3214800149139935,-0.6607788001793384,-0.8260302240003708,-0.4705991264568841,-0.18752289237539813,-0.24325895569853814,0,2024,459.8
LI YUERU,LAS,1.044481367430569,-1.036462361140826,-1.0075475584770253,-0.9678387883324439,0.5279069138705282,0.5453378835205642,0.5084154557436673,-0.40333939580484623,0.670966480645841,-0.5778180557798194,-0.36411992639043883,-0.4000470967958218,-1.0096824608393813,0.20184441185713822,1.9482852746140382,1.1057046929001189,-0.7945313672043289,-0.46057122744099016,0.13980284012967076,1.7601216943625726,0.41177328479114,0.3751014143945846,0.16854292044034622,-0.5006827019877395,-0.32755458594249176,0.01869930303802174,-0.923550244948836,-0.8896621609679963,0,2024,547.2
MEGAN GUSTAFSON,LVA,-0.8243261646766318,0.8677197571342707,0.8596743189017371,-0.26376654572056957,-0.5815432757581855,0.03734337039186026,0.8601220503247123,-0.7768960005850467,0.670966480645841,-0.5778180557798194,-0.856937412970602,-0.6303054511557405,0.11195785668439345,-0.5754624311196807,1.3211199050398343,0.23010555350097756,-1.2122856359621308,-0.8667362537170357,-0.3926986525249655,1.567570057680862,-0.6558150664196509,0.5736845161328942,-0.8115029502683331,-0.5006827019877395,-0.9091094970100174,1.9758930210176449,0.5485044601980398,-0.5125936245608124,0,2024,406.6
NATASHA CLOUD,PHO,-0.11709395642505344,0.14710037751181446,0.09162985209815765,-0.521595817662946,0.10958962925642314,-0.31219413864165163,-1.2743731443740465,1.4902061525637553,-0.33706192272828817,2.164802064793695,0.27243599377560535,-0.08122783691285693,-0.10634797692761654,0.15275134809018115,-0.7745302323178708,-0.4292962675280051,1.9208713797213837,1.0040844733726293,-0.6090273839159116,-0.28917786746420704,-0.08095980038307134,0.794332406953238,0.22979578735963874,0.780086083545052,0.5863174171636202,-0.4705991264568841,-0.923550244948836,0.9418135872954686,0,2024,1265.4
SABRINA IONESCU,NYL,-0.7900361182159493,0.8327806356980306,0.8458771129112537,0.05356178897774014,-0.21172654588194756,-0.6104661463502484,-0.437554005543283,0.6013990584315545,0.10048886774729551,0.9743241003689281,1.853558763220295,1.7431268168618859,1.218542599476305,0.406398844219459,-0.6445081435037066,-0.46172586528352894,1.2441094643337445,0.9056202245784363,0.6473433253161212,-1.4307339992200645,0.12890799515409274,1.191498610429857,0.16854292044034622,1.7406626726946461,0.5863174171636202,0.9972961620278334,-0.18752289237539813,3.311958673283482,0,2024,1219.8
EZI MAGBEGOR,SEA,0.8044510422057911,-0.7918885110871436,-0.8787736358991795,-0.26376654572056957,-0.07228745101057912,1.1279003985764178,0.7792699596164261,-0.69102091902638,0.670966480645841,-0.5778180557798194,-0.36411992639043883,-0.364622734586603,-0.6859876041043322,-0.15817138910054632,1.0381306529148884,1.1489441565741505,-0.4770381229483994,-0.3990310719446196,0.6639839969615785,0.5497971209346757,-0.4185732105950308,-0.5736845161328942,1.2710945249876102,1.3404224272156486,-0.4106338589521383,-0.4705991264568841,-0.18752289237539813,-0.2971258894709929,0,2024,1135.9
JACKIE YOUNG,LVA,-0.42570437457119686,0.4615524704379773,0.3629749032443324,0.6088863746997819,0.018651089122922012,-0.3354966392438858,-0.48606525996825495,0.6529241073667547,-0.12105583629097463,1.5770977532422281,0.8679237900599688,0.7158203127945549,0.5862084607380698,0.41458102151395165,-0.26209023522675307,-0.37524693793546554,1.0435874153299993,0.5363792916002129,0.11484183266148461,-0.23416311412657556,0.0194117540042681,-0.4192309925586534,-0.19897428107540857,1.9808068199820443,0.3370795981346805,-0.4705991264568841,1.2845318127714773,1.8575514614272008,0,2024,1206.2
JADE MELBOURNE,WAS,0.037211252648017966,-0.010125668951266686,0.09622892076165204,0.6188028851591042,-0.07835002035281262,0.18647937424615882,-0.999476035965873,1.1982308752642885,0.5325010406219222,-0.2010845227340069,0.49831067512484634,0.13131833634245277,0.029152195659148242,0.406398844219459,-0.5221344128550814,-0.699542915490703,0.3835356706926725,1.1887049398617409,0.6889450044297646,0.3159844192497412,0.5760176465158768,-0.3751014143945846,-0.2602271479947011,-0.10044245650874209,-0.6598716779810778,0.01869930303802174,-0.923550244948836,-0.2971258894709929,0,2024,525.4
JEWELL LOYD,SEA,-0.0013650496202495793,0.029180842664503596,-0.17511613038452273,-0.11501888883073692,0.7037214247952971,-0.8994171538179517,-0.756919763841014,0.940605630588288,0.014640294932465589,1.2078988908573316,2.058899382628696,1.6899902735480583,1.2712371110378249,2.0346521258235324,-0.7056950088280192,-0.4076765356909894,0.23314413393986377,0.3763748873096494,0.21468586253422917,-0.9631085958501954,1.8990972270762585,-0.2647774689844127,0.22979578735963874,1.6606146235988462,3.577171245510895,0.9972961620278334,-0.18752289237539813,1.8575514614272008,0,2024,1246.9
KAHLEAH COPPER,PHO,-0.018510072850591117,0.04665040338262369,-0.073936619787644,0.2717250190828279,0.15202761465205697,-0.09315063298065072,-0.5952155824244413,0.7688554674709546,0.5103465702180952,-0.14080715744667693,2.7365234266764205,2.363053155523206,0.7518197827885602,1.7073650340438191,-0.460947547530769,-0.14823975364679953,-0.37677709844652707,1.0410085666704512,2.4445358630255187,0.3709991725873727,1.2238704066523398,-0.11032394541017194,1.8223703272612426,1.3404224272156486,1.666347966289025,1.9758930210176449,1.2845318127714773,1.749817593882291,0,2024,1195.1
KATIE LOU SAMUELSON,IND,-1.4544057683916745,1.5097261135251865,1.5725299617433828,-0.2439335248019251,-0.22385168456641444,-1.076516158394931,1.4180014762118884,-1.369434063339847,0.670966480645841,-0.5778180557798194,-1.4318911473141254,-1.0908221598755785,0.2926247534667463,-0.6981950905370731,-0.5680245618483158,-0.5265850607945765,-0.29322624469496666,-1.359057497688,-1.1498492123932766,-0.3992073741394705,-0.7653113075694757,0.0,-0.8727558171876255,-0.8208748983709373,-0.4937131319617848,0.5079977325329275,-0.18752289237539813,0.24154344825355545,0,2024,673.4
MERCEDES RUSSELL,SEA,1.4816794598042722,-1.4819361594528897,-1.2926898156136835,-0.8389241523612555,-0.26022710061981486,1.2630549020693753,1.1875730176932724,-1.1246900808976468,-2.0983423198325357,-0.5778180557798194,-1.2470845898465643,-1.143958703189406,-1.4011274038678128,-0.3218149349904029,0.3344817016852944,0.3382042126860567,-0.6775601719521444,-0.7559639738235686,-0.15972924948856201,-0.24791680246098366,-0.2725782223952645,0.5957493052149285,-0.19897428107540857,-0.34058660379614053,-0.24447531293284513,-0.95989755595179,-0.923550244948836,-0.997396028512906,0,2024,584.6
MONIQUE BILLINGS,PHO,1.2202178555415677,-1.2155253585015573,-1.1409205497183652,0.23205897724553917,0.12171476794088992,1.0486718965288215,0.6741622416956541,-0.5793833130001131,0.670966480645841,-0.5778180557798194,-0.32305180250875876,-0.47089582121425816,-1.1527104207920773,0.07911175243974577,0.7474930426244041,1.0192257655520556,-0.45197286682293125,0.10559820312561907,-0.001642868856716973,0.32973810758414934,0.7493866950030994,0.6619436724610317,0.5973129888753932,0.37984583806605465,0.004762506096094478,-0.4705991264568841,-0.18752289237539813,-0.8896621609679963,0,2024,843.6
NNEKA OGWUMIKE,SEA,0.8387410886664736,-0.826827632523384,-0.6258248594069826,-0.19435097250531422,-0.3026650860154487,0.7131158878566499,0.532671082956153,-0.4291019202724463,0.48542279101378966,-0.07299512149843065,0.7447194184149277,0.8398055805268189,-0.4300428336626655,0.07092957514525283,0.7092512517967087,0.9219369722854844,-0.42690761069746325,-0.49749532073881236,0.45597560139336113,-0.3304389324674309,0.4847707788910229,0.9487859305274787,1.393600258826195,2.461095114556841,1.4171101472600853,-0.4705991264568841,1.2845318127714773,-0.13552508815362835,0,2024,1176.6
OLIVIA NELSON-ODODA,CON,1.4816794598042722,-1.4819361594528897,-1.2926898156136835,-0.5414288385815903,0.17021532267875725,1.4168514060441204,1.0662948816308429,-0.9958774585596468,-2.0983423198325357,-0.5778180557798194,-0.6515967935622007,-0.7011541755741773,-1.4011274038678128,-0.04362090697764667,1.4358452775229202,0.9003172404484686,-1.2373508920875989,-0.04209817006567016,0.4975772805070046,1.7601216943625726,-0.01708699304567366,1.014980297773582,-0.19897428107540857,-0.260538554700341,-0.7429509509907244,-0.95989755595179,-0.923550244948836,-0.997396028512906,0,2024,436.6
RACHEL BANHAM,CHI,-1.5315583729282103,1.5883391367567272,2.1244182013627215,-0.6108444117968456,-0.6785443852339201,-1.612473672246316,1.005655813599628,-0.9314711473906467,0.40511283579991697,0.1455103276681405,-0.2203814928045581,0.3261523284931537,2.2724328307066974,-0.8863851683104083,-1.0957612752705117,-0.969789563453401,-0.33500167157074684,-0.9775085336105027,-0.5341443615113534,-0.1378872957857202,-1.1211740913064059,1.0811746650196852,-1.0565144179455028,-0.8208748983709373,0.004762506096094478,0.01869930303802174,-0.18752289237539813,0.9418135872954686,0,2024,584.6
RAE BURRELL,LAS,-0.412845607148441,0.44845029989938734,0.2112056373490144,-0.09518586791209248,1.012912461249201,-0.6151266464706953,-0.20308294248925277,0.3523613219114211,0.5546555110257491,-0.26136188802133686,0.04656131242636368,-0.3291983723773848,0.2850969661008148,1.0937017369568567,-0.08617799741935442,-0.5265850607945765,-0.29322624469496666,-0.11594635666131499,0.12316216848421342,0.1646938475712539,0.5760176465158768,1.1032394541017194,-0.44398574875257835,-0.42063465289194,-0.4937131319617848,0.5079977325329275,-0.18752289237539813,-0.13552508815362835,0,2024,580.9
STEPHANIE TALBOT,LAS,-0.24568163065261314,0.2781220828977156,0.07783264610767415,-0.19435097250531422,-0.21778911522418107,0.26570787629375464,0.7469291233331116,-0.6566708864029133,0.2444929253721708,0.582521226001283,-1.0622780323790033,-1.1085343409801875,-0.33218159790555774,-0.6736485586535946,0.005602300567114357,0.2949647490120252,0.4253110975684527,-0.16517848105841126,-0.6755900704977411,-0.23416311412657556,-0.7105631869945632,1.4342112903322353,-0.5664914825911633,-0.580730751083539,-0.5767924049714312,-0.4705991264568841,0.5485044601980398,-0.4048597570159026,0,2024,599.4
DIANA TAURASI,PHO,-1.090074024746922,1.1384979482651332,0.914863142863671,-0.29351607709853594,0.07321421320302261,-0.9739851557451008,0.14053844302096413,-0.01260777471291252,0.2528008517736062,0.5599172140185342,1.03219628558669,1.0346395726775197,1.3992094962586583,0.7255037587046792,-0.8663105303043396,-0.3428173401799417,0.3334051584417362,0.10559820312561907,0.4393349297479038,0.05466434089599094,0.7585113817655846,-0.7502028287891692,0.0460371866017612,-0.10044245650874209,0.3370795981346805,0.9972961620278334,-0.18752289237539813,2.6116885342415688,0,2024,1044.0
ISABELLE HARRISON,CHI,1.1559240184277877,-1.1500145058086069,-1.1179252064008929,-0.6703434745527787,-0.07228745101057912,0.7364183884588841,0.5003302466728385,-0.3947518876489796,0.670966480645841,-0.5778180557798194,0.8063216042374483,0.9815030293636922,-0.7763210524955086,0.07092957514525283,0.9081085641007246,1.1057046929001189,-0.7109805134527686,-0.02979013896639631,0.6639839969615785,-0.6055126991555893,0.302277043641315,-0.4633605707227222,0.29104865427893095,0.4598938871618542,0.6693966901732665,-0.95989755595179,-0.923550244948836,-0.7280613596506317,0,2024,586.8000000000001
VICTORIA VIVIANS,SEA,-0.9229100482510945,0.9681697312634618,1.4667513824830096,0.5394708014845268,-0.8058583414208217,-0.9133986541792921,-0.05754917921433731,0.19778617510582092,0.670966480645841,-0.5778180557798194,-0.8364033510297619,-0.6480176322603497,0.5560973112743444,-1.0745752460837434,-0.2391451607301358,-0.22390881507635485,-0.4853932083235555,-0.3621069786467972,-0.19301059277947696,0.2884770425809255,-1.0938000310189497,1.698988759316648,-0.8727558171876255,-0.740826849275138,-0.4106338589521383,-0.4705991264568841,0.5485044601980398,-0.08165815438117358,0,2024,444.5
AALIYAH EDWARDS,WAS,1.3402330181539566,-1.3378122835283985,-1.2926898156136835,-0.5612618595002347,0.08533935188748938,1.2024684005035666,0.7792699596164261,-0.69102091902638,-2.0983423198325357,-0.5778180557798194,-0.056108997277836956,-0.25834964795894844,-1.2882105933788421,1.0282443186009138,1.2063945325567482,1.484050000047896,-0.5522338913248038,-0.14056241885986312,1.9203547061936113,0.7148413809475707,0.9592544905402635,-1.698988759316648,0.964830190391148,-0.020394407412942715,0.0878417791057409,-0.95989755595179,-0.923550244948836,-0.8896621609679963,0,2024,741.2
ANGEL REESE,CHI,1.3188017391160298,-1.3159753326307482,-1.2053075110072882,-0.10510237837141462,0.5824700379506289,0.9508013939994381,0.13649583848555005,-0.008314020634979427,-0.25121334991345845,1.9312272743052914,0.7652534803557681,0.43242541512080884,-1.1000159092305577,1.371895764969613,2.399538406380843,2.413698469039577,-0.5689440620751158,0.13021426532416722,2.194925788343658,0.3847528609217808,0.8588829361529241,-1.4783408684963042,4.027473536355771,0.5399419362576537,0.2540003251250339,-0.95989755595179,-0.923550244948836,-0.7819282934230866,0,2024,1105.0
DORKA JUH√ÅSZ,MIN,0.470123089214136,-0.45123207708380064,-0.3544798082608079,-0.2538500352612472,-0.6542941078649864,0.9228383932767571,0.8762924684663699,-0.79407101689678,0.670966480645841,-0.5778180557798194,-0.856937412970602,-0.577168907841913,-0.6257653051768812,-0.608191140297652,0.6021742374791619,0.9327468382039921,-0.585654232825428,-0.8667362537170357,0.381092578988803,-0.38545368580506284,-0.38207446354508917,-0.7281380397071349,0.0460371866017612,-0.5006827019877395,-0.4106338589521383,-0.95989755595179,-0.923550244948836,-0.4587266907883575,0,2024,547.4000000000001
KATE MARTIN,LVA,-1.540130884543381,1.5970739171157873,2.1980032999786334,0.6485524165370704,-0.37541591812224967,-1.477319168753358,-0.7811753910534999,0.9663681550558881,0.670966480645841,-0.5778180557798194,-1.1033461562606834,-0.9491247110387051,0.2775691787348836,-0.894567345604901,-0.6827499343314019,-0.3860568038539736,-0.2765160739446545,-0.25133469875333014,-0.5091833540431672,-0.4817295041459182,-0.8474334884318441,-0.02206478908203439,-0.9952615510262105,-0.740826849275138,-0.8260302240003708,2.954489880007457,1.2845318127714773,-0.4048597570159026,0,2024,391.0
LEXIE HULL,IND,-0.7257422811021695,0.76726978300508,1.1540147133653846,0.05356178897774014,-0.06016231232611235,-0.8108676515294619,0.2982000199021227,-0.1800641837523129,0.5878872166314897,-0.35177793595233187,-1.185482404024044,-1.1262465220847966,-0.18915363795286147,-0.4445475944077954,0.5027455813271539,-0.5049653289575606,-0.6692050865769884,-0.8051960982206651,-0.15972924948856201,0.9624077709669133,-0.2999522826827206,0.35303662531255026,-0.19897428107540857,-0.9009229474667368,-0.7429509509907244,1.9758930210176449,1.2845318127714773,-0.2971258894709929,0,2024,669.8
MICHAELA ONYENWERE,CHI,0.10579134556938351,-0.08000391182374736,0.23420098066648684,0.09322783081502888,-0.4724170275979842,0.17249787388481813,0.4882024330665957,-0.3818706254151796,0.670966480645841,-0.5778180557798194,0.19029974601224442,0.18445487965628035,0.7217086333248345,-0.22362880745648903,-0.46859590569630805,-0.8941205020238456,-0.6692050865769884,0.10559820312561907,0.5807806387342915,0.21970860090888586,-0.29082759592023527,0.6178140942969629,0.10729005352105371,-0.10044245650874209,-0.07831676691355212,2.4651914505125507,2.7565865179183535,-0.4048597570159026,0,2024,635.8
NAPHEESA COLLIER,MIN,0.6972946470161581,-0.6827037565988927,-0.676414614705422,-0.14476842020870334,-0.0298494656149453,0.3123128774982229,0.5690545237748821,-0.4677457069738463,0.5823485990305328,-0.33670859463049935,1.6482181438118937,1.530580643606576,-0.36229274736928313,1.347349233086134,1.2675813978810606,1.3867612067813249,-0.20132030556825015,-0.005174076767848179,1.462736235943533,-0.31668524413302324,1.506735696289387,0.7722676178712037,1.8836231941805353,2.5411431636526403,1.998665058327611,-0.4705991264568841,-0.18752289237539813,0.5108781171158296,0,2024,1179.8000000000002
CHENNEDY CARTER,CHI,1.2116453439263968,-1.2067905781424972,-1.0765335884294425,0.9361312198574137,-0.17535112982854714,0.7317578883384372,-0.24350898784339592,0.3952988626907545,0.3635732037927413,0.25853038758188424,2.1821037542737365,2.1505069822678964,-0.5354318567857047,0.9955156094229427,-0.8051236649800271,-0.5914442563056238,0.4086009268181407,0.30252670071400456,0.5974213103797489,0.8248708876228341,0.8041348155780116,-1.0591098759376507,2.0061289280191197,2.300999016365242,2.8294577884240764,-0.4705991264568841,-0.923550244948836,-0.5125936245608124,0,2024,858.0
CRYSTAL DANGERFIELD,LAS,-0.5457195371835858,0.5838393954648183,0.9194622115271656,0.32130757137943877,-0.27841480864651513,-0.9600036553837603,-1.5896962981363632,1.8251189706425555,0.3441880421893926,0.3112730822082981,-0.4462561741537994,-0.22292528574973025,0.4883472249809621,-0.8536564591324369,-1.3175636620711446,-1.1319375522310198,1.1605586105821841,-0.17748651215768554,-0.8336764511295862,-1.1694139208663141,-0.8474334884318441,-0.9708507196095132,-0.8115029502683331,-0.6607788001793384,-0.16139603992319862,-0.95989755595179,-0.18752289237539813,-0.08165815438117358,0,2024,438.9
TIFFANY HAYES,LVA,-0.11709395642505344,0.14710037751181446,0.16061588205057498,0.06347829943706228,0.024713658465155292,0.2517263759324143,-0.3001054513391963,0.45541141978182115,0.083873014944425,1.0195321243344255,0.005493188544683573,-0.028091293599029343,-0.10634797692761654,0.49640279445887997,0.4798005068305366,-0.4076765356909894,0.057687341061586864,-0.5590354762351829,-0.09316656290673271,0.13718647090243816,0.6307657670907892,1.5666000248244416,0.413554388117516,0.13970169077865638,-0.7429509509907244,-0.95989755595179,1.2845318127714773,0.1876765144811008,0,2024,706.1999999999999
DIAMOND DESHIELDS,CHI,0.09721883395421274,-0.07126913146468747,-0.4234658382132252,1.6005374206319993,-0.2056639765397142,0.33095487798001016,0.1809644883751073,-0.05554531549224589,0.3635732037927413,0.25853038758188424,0.33403817959812515,0.5386985017484633,0.7367642080566972,0.013654334083803083,-1.0192776936151209,-0.7860218428387664,0.37518058531751636,-0.2021025743562337,-0.3594173092340508,0.35724548425296504,-0.2269547885828374,-0.794332406953238,-0.3214800149139935,-0.42063465289194,0.0878417791057409,0.9972961620278334,1.2845318127714773,-0.3509928232434478,0,2024,441.6
EMILY ENGSTLER,WAS,-0.10423518900229758,0.13399820697322445,0.5975274050825514,-0.11501888883073692,-0.5815432757581855,0.11657187243945644,0.40735034235830936,-0.29599554385651283,0.670966480645841,-0.5778180557798194,-0.09717712115951706,0.23759142297010793,0.04420777039101093,-0.3954545306408384,2.307758108394374,1.6570078547440228,0.1328831094379914,-0.7436559427242946,0.08988082519329876,0.6598266276099392,-0.3638250900201184,-0.6398788833789973,-0.07646854723682368,-0.260538554700341,-0.6598716779810778,0.01869930303802174,2.0205591653449155,-0.2971258894709929,0,2024,464.0
KAMILLA CARDOSO,CHI,1.4816794598042722,-1.4819361594528897,-1.2926898156136835,-0.5116793072036239,0.04290136649185556,1.5613269097779723,0.6822474507664827,-0.5879708211559798,-2.0983423198325357,-0.5778180557798194,-0.36411992639043883,-0.5417445456326948,-1.4011274038678128,0.4391275533974302,1.3899551285296858,1.1057046929001189,-0.4937482936987115,-0.2267186365547818,0.3727722431660742,0.5085360559314519,0.0924092481041513,-0.06619436724610317,2.312393262615582,0.21974973987445576,-0.6598716779810778,-0.95989755595179,-0.923550244948836,-0.997396028512906,0,2024,876.8
COURTNEY VANDERSLOOT,NYL,-0.09566267738712682,0.12526342661416426,-0.03254500181619367,0.43038918643198265,-0.617918691811586,0.49407238219564903,-0.1505290835288665,0.29654251889828753,0.515885187819052,-0.15587649876850942,-0.40518805027211896,-0.594881088946522,-0.3397093852714891,-0.5263693673527237,-0.7515851578212536,-0.6779231836536873,1.3945010010865528,0.6225355092951316,0.21468586253422917,-0.0003504124416410271,-0.5736928855572824,-1.014980297773582,0.16854292044034622,-0.260538554700341,-0.4937131319617848,-0.4705991264568841,-0.18752289237539813,0.026075713163736098,0,2024,691.3000000000001
MIKIAH HERBERT HARRIGAN,PHO,-1.1586541176682872,1.2083761911376139,1.0988258894034506,-1.1760855079782095,-0.45422931957128393,-0.7782441506863342,1.1956582267641012,-1.1332775890535136,0.670966480645841,-0.5778180557798194,-0.7748011652072414,-0.45318364010964873,0.4281249260535111,-0.5427337219417094,0.319184985354216,-0.3428173401799417,-1.00340850158323,-0.682115787227924,-0.9085594735341446,-0.09662623078249637,-0.9021816090067566,0.6398788833789973,-0.8727558171876255,-0.9009229474667368,-0.5767924049714312,-0.4705991264568841,1.2845318127714773,-0.24325895569853814,0,2024,334.8
SYDNEY COLSON,LVA,-0.9957763969800447,1.0424153643154723,1.2505951552987686,-1.1760855079782095,-0.5027298743091513,-0.5405586445435461,-1.153095008311617,1.3613935302257554,-0.31767676112493964,2.1120593701672816,-0.6926649174438808,-0.5594567267373038,0.006568833561354069,-0.8536564591324369,-1.2946185875745275,-1.3373250046826701,0.5255721220703251,0.2532945763169083,-0.3094952942976785,0.34349179591855694,-0.6923138134695925,1.4783408684963042,-0.934008684106918,-0.6607788001793384,-0.8260302240003708,-0.95989755595179,-0.18752289237539813,-0.4048597570159026,0,2024,248.0
VERONICA BURTON,CON,-0.7214560252945841,0.76290239282555,0.574532061765079,-0.353015139854469,0.8189102422977317,-1.1371026599607397,-1.153095008311617,1.3613935302257554,0.670966480645841,-0.5778180557798194,-1.226550527905724,-1.250231789817061,0.05173555775694241,-0.02725655238866107,-0.14736486274366703,-0.5914442563056238,0.8096450248256303,-0.792888067121391,-0.6839104063204697,-0.30293155579861514,-0.03533636657064438,1.6548591811525792,-0.8727558171876255,-0.8208748983709373,-0.6598716779810778,-0.4705991264568841,0.5485044601980398,-0.4587266907883575,0,2024,393.7
BRITTNEY GRINER,PHO,1.2759391810401768,-1.2723014308354479,-1.0581373137754644,-1.0670038929256656,-0.15716342180184698,1.0067273954448,0.7954403777580835,-0.7081959353381132,0.3635732037927413,0.25853038758188424,1.5250137721668526,1.5128684625019668,-1.1376548460602147,0.8236898862385932,2.185384377745749,1.1597540224926586,-0.2681609885694985,0.17944638972126348,-0.15972924948856201,-0.6055126991555893,0.8680076229154096,-1.2576929776759602,1.454853125745488,2.7812873109400393,1.5832686932793785,-0.95989755595179,-0.923550244948836,-0.6741944258781768,0,2024,861.0
RHYNE HOWARD,ATL,-0.8328986762918026,0.876454537493331,0.8320799069207704,0.16264340403028402,0.09140192122972288,-1.0438926575518033,-1.1450097992407884,1.3528060220698885,0.25557016057408444,0.5523825433576179,1.3196731527584513,1.2826101081420476,1.8885156750441976,0.6764106949377224,-0.6903982924969411,-0.5373949267130843,0.1078178533125232,-0.1528704499591374,-0.0848462270840039,-0.8255717125061162,0.9136310567278365,1.1473690322657883,0.22979578735963874,0.2997977889702553,1.500189420269732,2.954489880007457,1.2845318127714773,2.773289335558933,0,2024,1017.0
KARLIE SAMUELSON,WAS,-1.248665489627579,1.300091384907745,1.4897467258004822,-0.6505104536341343,-0.2420393925931146,-1.2442941627310167,0.43160596957079506,-0.3217580683241129,0.6155803046362734,-0.42712464256149435,-0.6721308555030407,-0.41775927790043055,0.4883472249809621,-0.29726840310692454,-0.5221344128550814,-0.6671133177351793,-0.21803047631856215,-1.0636647513054214,-0.034924212147631625,-0.8943401541781557,0.010287067241782577,-0.04412957816406878,-0.5664914825911633,-0.42063465289194,-0.32755458594249176,0.9972961620278334,2.7565865179183535,0.8340797197505588,0,2024,710.5
SUG SUTTON,WAS,-0.7171697694869987,0.7585350026460198,0.7676929456318472,0.003979236681129268,-0.3269153633843824,-0.759602150204547,-1.2420323080907318,1.4558561199402889,-0.15982615949767207,1.6825831424950555,-0.9185395987931221,-1.0908221598755785,-0.21173700005065565,-0.8536564591324369,-0.8663105303043396,-1.0562684908014643,1.1939789520828081,0.9671603800748068,0.6473433253161212,-0.660527452493221,-0.5463188252698263,1.4562760794142697,-0.934008684106918,-0.580730751083539,-0.6598716779810778,0.5079977325329275,-0.18752289237539813,-0.4587266907883575,0,2024,379.9
ZIA COOKE,LAS,0.06721504330111536,-0.04069740020797708,0.17901215670455287,0.07339480989638442,0.04290136649185556,-0.2935521381598644,-0.6194712096369273,0.7946179919385548,-0.08505482188475581,1.4791470346503168,1.2786050288767712,1.4774441002927485,0.9625978290346384,0.23457312103510944,-0.9580908282908085,-1.099507954475496,-0.3600669276962149,0.4256070117067457,0.8803127283525246,-0.16539467245453596,0.028536440766753296,1.7210535483986824,-0.6277443495104558,-0.18049050560454163,-0.4106338589521383,-0.4705991264568841,-0.923550244948836,-0.2971258894709929,0,2024,258.1
BETNIJAH LANEY-HAMILTON,NYL,-0.18138779353883328,0.21261123020476502,0.4273618645332552,0.7576340315896145,-0.2541645312775815,-0.1723791350282469,-0.24755159237881003,0.39959261676868757,0.670966480645841,-0.5778180557798194,0.04656131242636368,-0.15207656133129327,-0.16657027585506756,-0.2481753393399674,-0.1703099372402843,-0.47253573120203685,-0.03421859806512938,0.6717676336922279,-0.733832421256842,-0.22040942579216743,-0.09008448714555654,-1.368016923086132,-0.13772141415611605,1.0202302308324507,0.2540003251250339,2.4651914505125507,0.5485044601980398,0.5108781171158296,0,2024,848.4
LORELA CUBAJ,ATL,1.4816794598042722,-1.4819361594528897,-1.2926898156136835,-1.1760855079782095,-0.587605845100419,0.5266958830387769,0.2982000199021227,-0.1800641837523129,-2.0983423198325357,-0.5778180557798194,-1.7399020764267272,-1.5867632308046349,-1.4011274038678128,-1.1073039552617145,0.8392733406108728,0.1111970283973907,-0.0676389395657537,-0.28825879205115257,-0.3094952942976785,2.2002397210636264,-0.9386803560566981,0.4412957816406878,-0.8727558171876255,-0.740826849275138,-0.5767924049714312,-0.95989755595179,-0.923550244948836,-0.997396028512906,0,2024,221.2
BRIANNA TURNER,CHI,1.4816794598042722,-1.4819361594528897,-1.2926898156136835,0.023812257599773547,-0.957422574976657,1.938827419534165,1.1390617632683004,-1.0731650319624468,-2.0983423198325357,-0.5778180557798194,-2.2532536249477304,-2.224401750570564,-1.4011274038678128,-1.2627653238570784,0.48744886499607576,0.9435567041225001,-0.8613720502055772,-0.5344194140366347,-1.4993033169478818,0.4672749909282285,-0.820059428144388,-1.3238873449220634,-0.8115029502683331,-0.9009229474667368,-0.7429509509907244,-0.95989755595179,-0.923550244948836,-0.997396028512906,0,2024,253.8
CHELSEA GRAY,LVA,-0.12138021223263881,0.15146776769134454,0.24799818665697018,-0.32326560847650254,-0.12685057509067993,-0.6943551485182913,-1.2137340763428317,1.4257998413947555,0.03125614773533609,1.1626908668918343,0.16976568407140474,-0.1697887424359027,-0.016014528536440104,-0.19090009827851767,-0.9886842609529647,-0.6454935858981634,1.56995779396483,1.7671824015276234,-0.891918801888687,-1.004369660853419,-0.3638250900201184,-1.0811746650196852,-0.38273288183328597,-0.18049050560454163,1.0847930552214993,0.01869930303802174,0.5485044601980398,0.3492773157984652,0,2024,702.0
JOYNER HOLMES,SEA,-0.21996409580710144,0.2519177418205356,-0.24410216033694004,0.20230944586757277,-0.6057935531271191,1.053332396649268,0.7469291233331116,-0.6566708864029133,0.670966480645841,-0.5778180557798194,0.08762943630804379,0.02504524971479824,0.06679113248880511,-0.43636541711330257,0.3421300598508333,0.48954233554516774,0.16630345093861543,0.8686961312806138,-0.45926133910679506,0.7836098226196102,-0.34557571649514757,-0.17651831265627513,-0.44398574875257835,-0.8208748983709373,-0.5767924049714312,0.01869930303802174,-0.18752289237539813,-0.4587266907883575,0,2024,229.5
LOU LOPEZ S√âN√âCHAL,DAL,-0.40855935134085564,0.44408290971985726,0.3629749032443324,-0.38276467123243557,-0.6542941078649864,-1.267596663333251,0.4882024330665957,-0.3818706254151796,0.670966480645841,-0.5778180557798194,-0.898005536852282,-0.45318364010964873,0.33779147766233464,-0.7800168634820014,-0.5909696363449332,-0.7644021110017507,-0.1261245371918459,-0.8667362537170357,-0.8087154436614001,0.34349179591855694,-0.865682861956815,0.4633605707227222,-1.0565144179455028,-0.9809709965625364,-0.4937131319617848,1.9758930210176449,0.5485044601980398,-0.7819282934230866,0,2024,124.2
MADDY SIEGRIST,DAL,0.7272984376692554,-0.7132754878556029,-0.7499997133213337,0.5692203328624933,-0.3572282100955494,1.239752401467141,0.46394680585410947,-0.3561081009475796,0.670966480645841,-0.5778180557798194,-0.40518805027211896,0.007333068610188835,-0.39240389683300864,-0.1499892118060535,0.6251193119757789,-0.28876801058740215,-0.8613720502055772,-1.4944458397800153,0.8636720567070669,-1.1694139208663141,-0.5554435120323117,0.4854253598047566,0.8423244565525633,0.780086083545052,-0.24447531293284513,0.01869930303802174,-0.18752289237539813,-0.3509928232434478,0,2024,642.6
NATASHA HOWARD,DAL,0.9073211815878385,-0.8967058753958647,-0.9707550091690692,0.033728768059095686,-0.005599188246011752,0.9368198936380975,0.4962876421374239,-0.39045813357104636,0.670966480645841,-0.5778180557798194,1.9151609490428154,1.65456591133884,-0.36229274736928313,0.8891473045945358,0.45685543233391934,0.7381692516708499,-0.04257368344028553,1.0656246288689997,0.023318138611469166,0.1646938475712539,0.7767607552905557,0.8163971960352724,1.8836231941805353,2.7812873109400393,1.832506512308318,-0.4705991264568841,-0.18752289237539813,-0.027791220608718678,0,2024,823.5
SIKA KON√â,WAS,1.1259202277746905,-1.1194427745518964,-0.7775941253023008,-0.5315123281222682,0.6188454540040293,0.5127143826774366,0.8884202820726127,-0.8026585250526466,0.670966480645841,-0.5778180557798194,1.0527303475275296,1.0877761159913473,-0.9795713113756558,1.8137333388722257,1.076372443742584,1.4191908045368484,-0.6524949158266762,-0.28825879205115257,3.251608437830202,1.1962204726518477,1.3151172742771937,1.3238873449220634,-0.07646854723682368,-0.260538554700341,-0.5767924049714312,-0.95989755595179,-0.923550244948836,-0.8357952271955413,0,2024,216.0
AARI MCDONALD,LAS,-0.558578304606342,0.5969415660034086,0.4779516198316946,0.3609736132167275,0.012588519780688517,-0.11645313358288485,-1.1328819856345453,1.3442185139140217,0.09771955894681689,0.9818587710298442,0.49831067512484634,0.3792888718069813,0.5937362481040013,-0.10089614803909643,-0.5603762036827769,-0.8292613065127982,1.152203525207028,0.6348435403944059,-0.20133092860220564,-0.1241336074513121,0.055910501054209534,-1.6769239702346137,0.0460371866017612,-0.020394407412942715,-0.4937131319617848,-0.95989755595179,-0.923550244948836,0.8340797197505588,0,2024,566.8000000000001
IVANA DOJKIƒÜ,NYL,-0.9529138389041915,0.9987414625201719,1.2459960866352744,0.9857137721540246,0.3217795562345925,-1.477319168753358,-0.1505290835288665,0.29654251889828753,-0.02136071947375323,1.3058496094492429,-0.179313368922878,-0.1697887424359027,0.25498581663708947,0.36548795774699483,0.29623991085759904,-0.9265500997793694,-0.38513218382168307,-0.4359551652424418,0.014997802788740354,0.05466434089599094,0.07415987457918026,-0.4412957816406878,-0.9952615510262105,-0.8208748983709373,-0.32755458594249176,0.5079977325329275,0.5485044601980398,-0.2971258894709929,0,2024,257.40000000000003
KRISTY WALLACE,IND,-0.6443034207580484,0.6842893695940093,0.6159236797365293,0.5989698642404595,-0.5512304290470186,-0.49861414345952465,0.43160596957079506,-0.3217580683241129,0.5075772614176166,-0.13327248678576065,-0.856937412970602,-0.577168907841913,0.14959679351405034,-0.6736485586535946,-0.5221344128550814,-0.6887330495721952,0.049332255686431,-0.9282764092134063,-1.2580135780887496,-1.031877037522235,-0.6649397531821363,0.2206478908203439,-0.44398574875257835,-0.8208748983709373,-0.24447531293284513,1.9758930210176449,1.2845318127714773,-0.18939202192608323,0,2024,447.2
NYARA SABALLY,NYL,1.3830955762298098,-1.3814861853236988,-1.2926898156136835,-0.5513453490409126,0.18840303070545728,1.5566664096575251,0.5124580602790814,-0.40763314988277966,-2.0983423198325357,-0.5778180557798194,-0.8158692890889215,-0.7720028999926136,-1.3333773175744303,0.3409414258635163,1.3899551285296858,1.4624302682108798,-0.8530169648304211,-0.8667362537170357,2.095081758470914,1.0999446543109925,0.557768272990906,0.9708507196095132,0.22979578735963874,-0.260538554700341,-0.9091094970100174,-0.95989755595179,-0.18752289237539813,-0.997396028512906,0,2024,351.0
CHEYENNE PARKER-TYUS,ATL,1.1602102742353728,-1.154381895988137,-1.1133261377373984,-0.40259769215107993,0.4854689284748945,0.6478688861703945,0.9369315364975846,-0.85847732806578,0.670966480645841,-0.5778180557798194,1.0937984714092104,0.7866690372129919,-0.9494601619119303,1.0609730277788854,0.9234052804318027,0.9327468382039921,-0.2096753909434063,0.7825399135856951,0.3478112356978881,0.7423487576163869,1.1873716596023982,-1.0370450868556162,0.964830190391148,0.2997977889702553,0.5863174171636202,-0.95989755595179,-0.923550244948836,-0.6741944258781768,0,2024,492.5
MAYA CALDWELL,ATL,-0.2328228632298573,0.2650199123591256,0.2893898046284205,-0.19435097250531422,-0.587605845100419,-0.30753363852120474,-0.4335114010078686,0.5971053043536212,0.30264841018221694,0.42429314212204183,-0.2819836786270786,0.042757430819407014,0.6464307596655208,-0.7309237997150444,0.31153662718867714,-0.7103527814092111,-0.22638556169371832,-0.5836515384337313,-0.4343003316386089,-0.44046843914269435,-0.9751791031066397,0.5516197270508597,-0.6277443495104558,-0.5006827019877395,0.2540003251250339,0.9972961620278334,1.2845318127714773,-0.18939202192608323,0,2024,405.0
ODYSSEY SIMS,LAS,0.4529780659837945,-0.43376251636568053,-0.3774751515782803,0.5295542910252043,-0.17535112982854714,0.5499983836410111,-1.2743731443740465,1.4902061525637553,0.25557016057408444,0.5523825433576179,0.3545722415389656,0.3084401473885443,-0.12140355165947922,0.12002263891220993,-0.4838926220273861,-1.0886980885569881,1.3945010010865528,0.1425222964234415,0.5058976163297334,-1.0731381025254585,0.557768272990906,0.9929155086915475,0.5973129888753932,1.5005185254072473,0.4201588711443271,-0.4705991264568841,-0.18752289237539813,0.1876765144811008,0,2024,700.8
TIFFANY MITCHELL,CON,0.538703182135501,-0.5211103199562813,-0.5890323100990267,0.836966115264192,0.7097839941375306,-0.03722463153528901,0.1284106294147213,0.00027348752088736877,0.670966480645841,-0.5778180557798194,-0.2203814928045581,-0.18750092354051145,-0.24184814951438116,0.39821666692496605,-0.254441877061214,-0.8184514405942902,-0.6357847450763642,-0.6328836628308275,0.21468586253422917,-0.5504979458179577,-0.03533636657064438,1.588664813906476,-0.13772141415611605,-0.5006827019877395,0.004762506096094478,0.5079977325329275,-0.18752289237539813,-0.5664605583332671,0,2024,391.2000000000001
MORIAH JEFFERSON,CHI,-0.45570816522429425,0.49212420169468774,0.4871497571586837,-0.5315123281222682,0.6188454540040293,-0.8108676515294619,-1.5896962981363632,1.8251189706425555,0.670966480645841,-0.5778180557798194,-1.0006758465564827,-0.8605638055156594,0.3227359029304717,-0.4609119489967811,-0.8357170976421833,-1.3265151387641623,1.3861459157113967,-0.7436559427242946,-1.2247322347978347,-0.1241336074513121,-0.3182016562076915,0.7060732506251005,-1.0565144179455028,-0.740826849275138,-0.5767924049714312,0.01869930303802174,-0.923550244948836,-0.620327492105722,0,2024,184.0
ALISSA PILI,MIN,-1.090074024746922,1.1384979482651332,1.048236134105011,-0.05551982607480374,-0.44816675022905056,-0.4287066416528223,0.43160596957079506,-0.3217580683241129,0.670966480645841,-0.5778180557798194,0.6831172325924079,0.36157669070237186,0.8572088059115993,0.7336859359991722,0.11267931488466122,0.45711273778964395,-0.9616330747074497,1.693334214931979,0.4226942581024465,3.0117073327936934,0.17453142896651969,-1.6107296029885105,-0.6889972164297482,-0.9809709965625364,-0.8260302240003708,0.01869930303802174,-0.18752289237539813,-0.2971258894709929,0,2024,138.6
ASTOU NDOUR-FALL,CON,-0.16852902611607745,0.19950905966617502,-0.1889133363750062,-1.1760855079782095,0.07321421320302261,-0.14907663442601277,0.4882024330665957,-0.3818706254151796,0.670966480645841,-0.5778180557798194,-0.5694605457988401,0.113606155237844,0.6313751849336581,-0.6163733175921448,-0.37681560770983913,0.8678876426929448,-1.3125466604640033,-1.1498209690003403,-1.4993033169478818,-0.04161147744486488,-1.0116778501565813,-1.412146501250201,-1.0565144179455028,-0.9009229474667368,-0.4937131319617848,-0.95989755595179,0.5485044601980398,-0.7280613596506317,0,2024,92.4
CELESTE TAYLOR,PHO,-0.5928683510670244,0.6318806874396488,0.133021470069608,-0.49184628628497945,-0.09047515903727939,-0.24694713695539616,0.2982000199021227,-0.1800641837523129,0.670966480645841,-0.5778180557798194,-1.0622780323790033,-1.1970952465032332,-0.279487086344038,-0.6491020267701161,-0.6062663526760111,-0.8833106361053377,-0.24309573244403032,0.22867851411836018,-0.06820555543854658,-0.4679758158115101,-0.23607947534532295,-1.1253042431837539,-0.5664914825911633,-1.0610190456583357,-0.4106338589521383,0.9972961620278334,-0.18752289237539813,-0.4048597570159026,0,2024,327.8
STEPHANIE SOARES,DAL,-0.031368840273346965,0.05975257392121368,-0.14292264974006133,-0.353015139854469,-0.6361063998382862,1.0952768977332898,-0.3769149375120683,0.5369927472625545,0.670966480645841,-0.5778180557798194,-1.3908230234324452,-1.26794397092167,-0.37734832210114594,-1.1727613736176572,1.175801099894592,1.116514558818627,-0.45197286682293125,-0.4482631963417159,-0.3094952942976785,0.41226023759059655,-0.7105631869945632,1.412146501250201,-0.7502500833490408,-0.9809709965625364,-0.7429509509907244,-0.95989755595179,-0.923550244948836,-0.6741944258781768,0,2024,176.0
TEMI F√ÅGB√âNL√â,IND,1.031622600007813,-1.0233601906022358,-1.0949298630834203,0.45022220735062696,-0.18747626851301402,1.3143204033942908,0.4154355514291376,-0.3045830520123796,-0.7136879195933474,3.1895172746783054,-0.4667902360946395,-0.45318364010964873,-1.062376972400901,-0.22362880745648903,1.0534273692459668,1.0084158996335477,-0.7109805134527686,-0.12825438776058928,-0.1430885778431047,1.663845876021717,0.0011623804792973804,1.5445352357424074,0.5973129888753932,-0.34058660379614053,-0.24447531293284513,0.01869930303802174,-0.18752289237539813,-0.7819282934230866,0,2024,415.7999999999999
DIAMOND MILLER,MIN,-0.13423897965539497,0.16456993822993485,-0.16131892439403922,0.9361312198574137,0.24902872412779137,0.2796893766550953,0.6337361963415109,-0.5364457722207797,-0.43675703954550976,2.43605020858668,0.4777766131840066,0.21987924186549854,0.08184670722066781,0.8482364181220717,0.38802020884406785,0.1652463579899303,-0.5021033790738676,0.30252670071400456,0.8303907134161523,0.3159844192497412,0.43914734507859593,-0.7722676178712037,-0.2602271479947011,-0.5006827019877395,-0.8260302240003708,0.5079977325329275,-0.923550244948836,-0.3509928232434478,0,2024,212.1
LAYSHIA CLARENDON,LAS,0.3372491591789906,-0.31584298151836954,-0.23030495434645654,0.023812257599773547,0.19446560004769078,0.4428068808707342,-0.13435866538720928,0.2793675025865543,0.670966480645841,-0.5778180557798194,-0.8158692890889215,-0.9845490732479236,-0.5580152188834989,-0.3299971122848957,-0.8357170976421833,-0.6454935858981634,1.0770077568306238,0.10559820312561907,-0.8586374585977724,0.6048118742723076,0.28402767011634433,0.2868422580664471,-0.5052386156718709,-0.10044245650874209,-0.6598716779810778,-0.4705991264568841,1.2845318127714773,-0.620327492105722,0,2024,333.90000000000003
AZUR√Å STEVENS,LAS,-0.4428493978015381,0.4790220311560974,0.7217022589969023,-0.2439335248019251,-0.44816675022905056,-0.12111363370333174,0.32649825165002305,-0.2101204622978461,0.670966480645841,-0.5778180557798194,0.3956403654206457,0.46784977733002703,0.8270976564478739,-0.3463614668738815,0.2885915526920599,1.6894374524995461,-0.2848711593198105,0.1425222964234415,-0.4925426823977099,-0.014104100776048652,-0.5371941385073409,-1.3900817121681666,0.29104865427893095,-0.10044245650874209,0.2540003251250339,-0.4705991264568841,0.5485044601980398,0.9956805210679235,0,2024,494.0
DAMIRIS DANTAS,IND,-0.4299906303787822,0.46591986061750745,0.7217022589969023,-1.1760855079782095,-0.5936684144426524,-0.5452191446639929,0.8762924684663699,-0.79407101689678,0.670966480645841,-0.5778180557798194,0.16976568407140474,0.3792888718069813,0.24745802927115795,-0.035438729683154015,-0.5680245618483158,0.48954233554516774,-0.6357847450763642,-0.5467274451359089,-0.9418408168250593,0.08217171756480668,-0.40944852383254543,-0.9487859305274787,-0.7502500833490408,-0.5006827019877395,-0.32755458594249176,-0.95989755595179,-0.18752289237539813,-0.13552508815362835,0,2024,210.0
DIDI RICHARDS,WAS,1.1387789951974463,-1.1325449450904868,-1.2926898156136835,-0.3133490980171804,-0.351165640753316,1.6358949117051214,1.0379966498829425,-0.9658211800141134,-2.0983423198325357,-0.5778180557798194,-0.8158692890889215,-0.577168907841913,-1.1301270586942833,0.17729787997365967,0.846921698776412,-0.0725706922172438,-0.44361778144777525,-1.2236691555959849,-0.7088714137886558,-0.633020075824405,0.0194117540042681,-0.8384619851173069,-0.6277443495104558,-0.10044245650874209,-0.6598716779810778,-0.95989755595179,-0.923550244948836,-0.8896621609679963,0,2024,198.0
JORDIN CANADA,ATL,0.10150508976179781,-0.07563652164421726,-0.2487012290004346,0.14281038311163974,0.5036566365015948,-0.0698481323784166,-1.8645934065445366,2.1170942479420223,-0.19305786510341266,1.7805338610869668,-0.03557493533699654,-0.364622734586603,-0.10634797692761654,0.4554919079864158,-0.8663105303043396,-0.7427823791647348,1.8122552698443548,0.45022307390529426,-0.4925426823977099,0.06841802923039857,0.4938954656535084,-0.1985831017383095,0.536060121956101,0.4598938871618542,0.2540003251250339,-0.4705991264568841,-0.18752289237539813,0.3492773157984652,0,2024,624.0
MARQUESHA DAVIS,NYL,1.2887979484629326,-1.285403601374038,-0.7178062326768724,0.47997173872859356,0.12171476794088992,-0.8481516524930366,0.1284106294147213,0.00027348752088736877,-2.0983423198325357,6.9568526051364294,-0.52839242191716,0.23759142297010793,-1.1978771449876657,-0.15817138910054632,-0.5680245618483158,-0.6022541222241319,-0.4853932083235555,-1.2605932488938074,1.2713685120207727,0.8386245759572423,-0.6558150664196509,0.5295549379688254,-0.9952615510262105,-0.740826849275138,-0.4937131319617848,-0.95989755595179,-0.923550244948836,-0.9435290947404511,0,2024,80.0
BRITTNEY SYKES,WAS,0.21723399656660167,-0.19355605649152843,-0.2900928469718849,0.31139106092011665,0.018651089122922012,0.35891787870269115,-1.3390548169406755,1.5589062178106885,0.670966480645841,-0.5778180557798194,2.058899382628696,1.8139755412803222,0.1872357303437072,1.658271970276862,-0.2850353097233703,0.23010555350097756,0.5673475489461053,0.757923851387147,0.7971093701252376,-0.8668327775093397,1.415488828664533,-1.2356281885939258,0.9035773234718555,0.7000380344492525,0.9186345092022064,0.01869930303802174,0.5485044601980398,0.5647450508882845,0,2024,419.4
LIZ DIXON,PHO,1.4816794598042722,-1.4819361594528897,-1.2926898156136835,-0.5116793072036239,0.47940635913266094,0.7830233896633524,1.2765103174723875,-1.2191526706121802,-2.0983423198325357,-0.5778180557798194,-1.4318911473141254,-1.3742170575493249,-1.4011274038678128,-0.42000106252431696,1.5888124408337017,1.1273244247371346,-0.4770381229483994,-0.7559639738235686,1.4710565717662618,-0.05536516577927251,-0.6193163193697093,0.4192309925586534,-0.5664914825911633,-0.8208748983709373,-0.5767924049714312,-0.95989755595179,-0.923550244948836,-0.997396028512906,0,2024,160.20000000000002
REBECCA ALLEN,PHO,-0.9014787692131678,0.9463327803658117,1.301184910597208,-0.13485190974938122,-1.048361115110158,-0.47065114273684366,-0.3769149375120683,0.5369927472625545,0.4494217766075708,0.024955597093480563,-0.7337330413255613,-0.38233491569121236,0.2926247534667463,-1.3118583876240353,-0.12441978824704977,0.01390823513081922,-0.819596623329797,-0.8790442848163097,-1.2247322347978347,-0.24791680246098366,-1.3857900074184824,1.1253042431837539,-0.6277443495104558,-0.260538554700341,0.0878417791057409,0.5079977325329275,1.2845318127714773,0.780212785978104,0,2024,448.2
AERIAL POWERS,ATL,0.36296669402450293,-0.34204732259554965,0.03184195947272926,-0.1546849306680255,0.2732790014967251,-0.8621331528543771,-0.5507469325348837,0.7216241726136878,0.2749553221774332,0.4996398487312043,1.2786050288767712,1.4774441002927485,0.6389029722995896,0.6109532765817798,0.24270140369882534,0.23010555350097756,0.02426699956096283,-0.07902226336349258,0.813750041770695,0.42601392592500464,0.9318804302528073,-1.6548591811525792,-0.2602271479947011,-0.10044245650874209,1.832506512308318,1.486594591522739,-0.923550244948836,-0.08165815438117358,0,2024,304.29999999999995
LAETICIA AMIHERE,ATL,1.4816794598042722,-1.4819361594528897,-1.2926898156136835,-1.1760855079782095,0.4551560817637274,1.4215119061645676,0.4882024330665957,-0.3818706254151796,-2.0983423198325357,-0.5778180557798194,0.4161744273614861,0.14903051744706217,-1.4011274038678128,0.6845928722322151,1.9253402001174207,1.354331609025801,-0.4770381229483994,0.7702318824864208,2.194925788343658,-0.24791680246098366,0.6855138876657018,0.2647774689844127,-0.19897428107540857,-0.9009229474667368,-0.8260302240003708,-0.95989755595179,-0.923550244948836,-0.997396028512906,0,2024,83.30000000000001
OLIVIA √âPOUPA,MIN,1.4816794598042722,-1.4819361594528897,-1.2926898156136835,0.2419754877048615,-0.27235223930428165,1.9807719206181866,0.2982000199021227,-0.1800641837523129,-2.0983423198325357,-0.5778180557798194,-1.206016465964884,-1.7993094040599444,-1.4011274038678128,-1.0418465369057721,0.44155871600284125,0.2517252853379937,1.7788349283437308,1.7179502771305273,0.45597560139336113,0.3985065492561889,0.2566536098288881,1.0370450868556162,-0.6277443495104558,-0.9809709965625364,-0.9091094970100174,-0.95989755595179,-0.923550244948836,-0.997396028512906,0,2024,113.9
LEXIE BROWN,LAS,-0.7771773507931935,0.8196784651594407,0.9516556921716268,-0.17451795158666994,-0.011661757588245033,-1.001948156467782,0.2982000199021227,-0.1800641837523129,0.670966480645841,-0.5778180557798194,0.375106303479806,0.4855619584346358,0.992708978498364,-0.2481753393399674,-1.3558054528988401,-0.8292613065127982,0.7511594271995381,0.11790623422489292,-0.7088714137886558,-1.0593844141910507,-0.4824460179324285,0.33097183623051585,-0.44398574875257835,-0.18049050560454163,0.4201588711443271,-0.4705991264568841,-0.18752289237539813,1.2111482561577427,0,2024,379.2
NIKA M√úHL,SEA,-1.8873176049577922,1.9508325216577203,-1.2926898156136835,-1.1760855079782095,-1.1392996552436592,2.6472234378420825,-2.3982172052192263,2.683869786229223,-2.0983423198325357,-0.5778180557798194,-1.1444142801423638,-1.1085343409801875,0.029152195659148242,-1.4591375789249064,0.6174709538102399,-0.08338055813575188,0.3835356706926725,0.8686961312806138,-1.4993033169478818,1.2787426026582955,-0.5554435120323117,0.9267211414454444,-1.0565144179455028,-1.1410670947541353,-0.8260302240003708,-0.95989755595179,-0.923550244948836,-0.620327492105722,0,2024,57.6
CAMERON BRINK,LAS,0.19151646172108996,-0.16735171541434812,-0.073936619787644,-0.8290076419019334,-0.011661757588245033,0.29833137713688257,0.8601220503247123,-0.7768960005850467,0.3940356005980033,0.17564901031180555,0.375106303479806,0.18445487965628035,-0.12140355165947922,-0.16635356639503912,0.9463503549284199,0.9976060337150398,-0.2681609885694985,0.5486873226994867,0.5807806387342915,1.897658577706652,0.037661127529238815,-1.1694338213478226,0.29104865427893095,0.21974973987445576,-0.24447531293284513,0.9972961620278334,1.2845318127714773,-0.18939202192608323,0,2024,330.0
SATOU SABALLY,DAL,-0.24139537484502807,0.2737546927181858,0.6573152977079796,0.11306085173367315,0.055026505176322335,-0.6943551485182913,-0.2596794059850531,0.4124738790024878,0.30541771898269515,0.41675847146112543,0.8268556661782887,0.6449715883761186,1.0152923405961582,0.5782245674038082,-0.49154098019292514,0.1652463579899303,0.7093840003237579,0.3517588251111013,0.03995881025692649,-0.1241336074513121,0.302277043641315,1.2356281885939258,0.7810715896332707,0.8601341326408516,1.4171101472600853,-0.4705991264568841,-0.18752289237539813,1.911418395199656,0,2024,513.0
JAELYN BROWN,DAL,-0.1771015377312482,0.20824384002523524,0.942457554844638,1.2336265336370789,-0.9695477136611237,-0.7549416500841001,1.1956582267641012,-1.1332775890535136,0.670966480645841,-0.5778180557798194,-1.1238802182015233,-1.1793830653986241,-0.256903724246244,-1.1073039552617145,-0.254441877061214,-0.2022890832393391,-0.8279517087049529,0.5240712605009387,-0.9085594735341446,0.013403275892767087,-0.6284410061321949,-0.35303662531255026,-0.934008684106918,-0.9809709965625364,-0.16139603992319862,-0.4705991264568841,0.5485044601980398,-0.620327492105722,0,2024,141.4
KIANA WILLIAMS,SEA,-0.9271963040586798,0.9769045116225218,2.469348351124808,1.531121847416744,-1.1392996552436592,-1.1650656606834207,1.64438733019509,-1.609884291704114,0.670966480645841,-0.5778180557798194,-0.4667902360946395,-0.010379112494419938,0.932486679570913,-1.4591375789249064,-1.470530825381926,-1.629191384482384,0.17465853631377157,-0.5713435073344569,-1.4993033169478818,-0.42671475080828625,-1.6960293573429857,0.17651831265627513,-1.0565144179455028,-0.9009229474667368,-0.6598716779810778,0.01869930303802174,-0.923550244948836,-0.620327492105722,0,2024,45.5
GABBY WILLIAMS,SEA,0.20437522914384582,-0.18045388595293826,-0.17971519904801728,0.5791368433218153,-0.45422931957128393,0.4661093814729683,-0.680110277668142,0.8590243031075547,0.670966480645841,-0.5778180557798194,-0.3025177405679183,-0.31148619127277605,-0.06118125273202819,-0.3054505804014173,-0.1703099372402843,-0.18066935140232296,0.49215178056970105,-0.14056241885986312,-0.3094952942976785,-0.6742811408276289,-0.6284410061321949,-0.5295549379688254,0.413554388117516,0.5399419362576537,0.3370795981346805,0.9972961620278334,-0.923550244948836,0.1876765144811008,0,2024,350.4
SHAKIRA AUSTIN,WAS,1.3402330181539566,-1.3378122835283985,-1.196109373680299,-0.6108444117968456,0.4127180963680936,0.8948753925540761,0.6135231736644393,-0.5149770018311131,0.670966480645841,-0.5778180557798194,2.592784993090539,2.0619460767448508,-1.190349357621734,3.1883391243470207,2.1777360195802102,2.3055998098544976,-0.819596623329797,1.2256290331595627,2.194925788343658,0.866131952626058,2.0542169020385104,1.2797577667579947,1.6386117265033653,1.6606146235988462,0.5863174171636202,-0.95989755595179,-0.923550244948836,-0.8357952271955413,0,2024,237.6
GRACE BERGER,IND,0.6244282982872074,-0.6084581235468821,-0.40047049489575276,0.10314434127435101,0.6188454540040293,-0.20966313599182135,-1.3875660713656475,1.6104312667458887,0.670966480645841,-0.5778180557798194,-0.056108997277836956,-0.2760618290635572,-0.7537376903977147,0.15275134809018115,0.32683334351975524,-0.14823975364679953,-0.29322624469496666,0.5240712605009387,1.2713685120207727,0.7423487576163869,-0.15395729448295453,-0.507490148886791,-0.934008684106918,-0.5006827019877395,-0.16139603992319862,-0.4705991264568841,-0.923550244948836,-0.7819282934230866,0,2024,102.3
MORGAN BERTSCH,DAL,-0.6614484439883896,0.7017589303121294,-0.03714407047968806,0.6287193956184262,1.061413015987068,-0.3168546387620985,0.6337361963415109,-0.5364457722207797,0.670966480645841,-0.5778180557798194,0.4367084893023258,0.0958939741332346,0.33779147766233464,-0.051803084272139616,1.313471546874295,-0.2130989491578468,-1.1203796968354143,1.1271647843653703,0.1647638475978569,1.6363384993529015,-0.4185732105950308,0.684008461543066,-0.8115029502683331,-0.580730751083539,-0.7429509509907244,2.4651914505125507,1.2845318127714773,-0.5664605583332671,0,2024,100.1
JAYLYN SHERROD,NYL,-0.3571242816498316,0.39167422756549664,0.16061588205057498,3.5243404497405004,-0.1814136991707805,0.43814638075028733,-1.5896962981363632,1.8251189706425555,0.670966480645841,-0.5778180557798194,0.6831172325924079,0.39700105291159005,0.5636250986402759,1.8137333388722257,-0.19325501173690154,-1.0670783567199722,0.6341882319473536,0.8686961312806138,-1.4993033169478818,0.3847528609217808,0.12890799515409274,-0.30890704714848144,-0.8115029502683331,-0.8208748983709373,-0.8260302240003708,-0.95989755595179,-0.923550244948836,-0.4587266907883575,0,2024,37.0
ELIZABETH WILLIAMS,CHI,1.4816794598042722,-1.4819361594528897,-1.2926898156136835,-0.7397590477680338,-0.06016231232611235,1.612592411102887,0.5528841056332245,-0.450570690662113,-2.0983423198325357,-0.5778180557798194,-0.2409155547453978,-0.2937740101681666,-1.4011274038678128,0.07911175243974577,0.8622184151074901,0.9327468382039921,-0.5772991474502719,-0.28825879205115257,-0.4842223465749812,-0.7017885174964449,0.04678581429172434,-0.6619436724610317,1.2710945249876102,1.5005185254072473,0.0878417791057409,-0.95989755595179,-0.923550244948836,-0.997396028512906,0,2024,249.3
VICTARIA SAXTON,IND,-0.42141811876361146,0.45718508025844723,0.4319609331967497,-1.1760855079782095,-0.38147848746448304,0.3169733776186698,1.64438733019509,-1.609884291704114,0.670966480645841,-0.5778180557798194,0.8679237900599688,2.008809533431023,1.941210186605717,-0.6000089630031592,-1.470530825381926,-0.18066935140232296,-1.5631992217186843,-0.1528704499591374,1.2713685120207727,2.1589786560604023,-0.9386803560566981,1.6769239702346137,-0.8115029502683331,-0.9009229474667368,-0.9091094970100174,1.486594591522739,1.2845318127714773,-0.8357952271955413,0,2024,22.5
CAITLIN BICKLE,CON,-2.8045763477810515,2.8854540200771486,-1.2926898156136835,-1.1760855079782095,4.92326968698975,-2.013276682604743,-2.3982172052192263,-1.609884291704114,-2.0983423198325357,-0.5778180557798194,-1.3702889614916052,0.7866690372129919,4.244713120580717,-1.4591375789249064,-1.470530825381926,-2.0832057530597163,-1.5631992217186843,-2.2083116435379138,-1.4993033169478818,-0.5504979458179577,-1.6960293573429857,-1.2135633995118915,-1.1177672848647955,-1.1410670947541353,-0.9091094970100174,-0.95989755595179,-0.923550244948836,-0.7819282934230866,0,2024,14.4
QUEEN EGBO,LVA,1.4816794598042722,-1.4819361594528897,-1.2926898156136835,0.47997173872859356,-0.12685057509067993,0.3169733776186698,0.02734551602936339,0.1076173394692208,-2.0983423198325357,-0.5778180557798194,0.005493188544683573,0.6981081316899461,-1.4011274038678128,-0.09271397074460377,0.6174709538102399,1.1921836202481824,-1.5631992217186843,-2.2083116435379138,-1.4993033169478818,2.1589786560604023,-0.3911991503075745,1.0591098759376507,-0.8115029502683331,-0.6607788001793384,-0.32755458594249176,-0.95989755595179,-0.923550244948836,-0.997396028512906,0,2024,28.8
DULCY FANKAM MENDJIADEU,SEA,1.4816794598042722,-1.4819361594528897,-1.2926898156136835,-1.1760855079782095,0.8795359357200658,1.0952768977332898,-2.3982172052192263,2.683869786229223,-2.0983423198325357,-0.5778180557798194,-1.8425723861309278,-2.4900844671397016,-1.4011274038678128,0.9955156094229427,2.3536482573876087,1.2678526816777376,-0.9198576478316696,0.4256070117067457,-1.4993033169478818,0.27472335424651734,0.9136310567278365,-0.7060732506251005,-0.8115029502683331,-1.1410670947541353,-0.9091094970100174,-0.95989755595179,-0.923550244948836,-0.997396028512906,0,2024,36.4
AMY ATWELL,PHO,-2.2345043253722037,2.3045911261996537,1.4667513824830096,1.471622784660811,0.47940635913266094,-2.013276682604743,1.64438733019509,-1.609884291704114,0.670966480645841,-0.5778180557798194,-0.7131989793847209,-0.31148619127277605,0.9851811911324326,-0.18271792098402487,0.16621782204343466,-0.7319725132462268,0.22478904856470763,-1.2236691555959849,2.6608645944164646,-1.1281528558630902,-0.6831891267071072,-1.5004056575783384,-1.1177672848647955,-0.9809709965625364,-0.7429509509907244,1.9758930210176449,1.2845318127714773,-0.18939202192608323,0,2024,59.400000000000006
DESTANNI HENDERSON,ATL,0.0029212061873355004,0.0248134524849735,-0.7178062326768724,0.8865486675608029,-0.38147848746448304,0.7037948876157561,-1.5007589983572482,1.730656380928022,0.670966480645841,-0.5778180557798194,-0.26144961668623823,-0.43547145900504,0.525986161810619,-0.3790901760518528,-1.470530825381926,-0.8725007701868298,1.3527255742107727,0.3517588251111013,-0.3094952942976785,-0.7568032708340766,-0.5098200782198847,-0.8605267741993412,-0.19897428107540857,-0.580730751083539,-0.07831676691355212,0.9972961620278334,1.2845318127714773,-0.3509928232434478,0,2024,105.0
KIERSTAN BELL,LVA,-0.6614484439883896,0.7017589303121294,1.9542526608134252,-0.005937273778192871,-0.781608064051888,-0.9180591542997389,1.64438733019509,-1.609884291704114,-0.02136071947375323,1.3058496094492429,0.005493188544683573,0.5209863206438546,0.5410417365424817,0.17729787997365967,-0.7056950088280192,-0.5049653289575606,0.5255721220703251,-1.5559859952763857,3.492898176689334,0.7698561342852026,-0.6831891267071072,0.1985831017383095,-0.5052386156718709,-0.18049050560454163,-0.9091094970100174,-0.95989755595179,-0.923550244948836,-0.2971258894709929,0,2024,43.2
EMMA CANNON,LVA,0.054356275878359506,-0.027595229669387086,-1.2926898156136835,-1.1760855079782095,-1.1392996552436592,0.3169733776186698,1.64438733019509,-1.609884291704114,-2.0983423198325357,-0.5778180557798194,0.08762943630804379,0.23759142297010793,-0.6483486672746753,-1.4591375789249064,-1.470530825381926,0.6192607265672627,-0.1678999640676261,1.8902627125203646,-1.4993033169478818,-2.84736389766408,-1.6960293573429857,-0.6178140942969629,-1.1177672848647955,-0.9009229474667368,-0.6598716779810778,-0.95989755595179,-0.923550244948836,-0.8357952271955413,0,2024,9.0
KYSRE GONDREZICK,CHI,-2.19164176729635,2.2609172244043534,1.4667513824830096,8.740424951343964,-1.1392996552436592,-0.14907663442601277,1.64438733019509,-1.609884291704114,0.670966480645841,-0.5778180557798194,1.237536904995091,1.2826101081420476,3.6199067692084133,-1.4591375789249064,1.076372443742584,-0.7319725132462268,0.5255721220703251,1.8902627125203646,-1.4993033169478818,0.5910581859378996,-1.6960293573429857,0.2427126799023783,-0.9952615510262105,-1.1410670947541353,-0.9091094970100174,1.486594591522739,-0.923550244948836,-0.4587266907883575,0,2024,16.5
KAELA DAVIS,CHI,0.765874739937523,-0.7525819994713734,1.0068445161335609,-1.1760855079782095,-0.12685057509067993,-0.4613301424959502,1.64438733019509,-1.609884291704114,0.670966480645841,-0.5778180557798194,-0.34358586444959843,-0.6834419944695679,-0.7763210524955086,0.09547610702873138,-0.7056950088280192,-0.6454935858981634,-1.0702491845844782,0.5240712605009387,-0.10980723455219003,-0.30293155579861514,0.5851423332783623,-0.13238873449220634,-0.934008684106918,0.4598938871618542,-0.24447531293284513,-0.95989755595179,-0.923550244948836,-0.7280613596506317,0,2024,51.6
CHARISMA OSBORNE,PHO,1.4816794598042722,-1.4819361594528897,-1.2926898156136835,-1.1760855079782095,-1.1392996552436592,2.6472234378420825,-2.3982172052192263,2.683869786229223,-2.0983423198325357,-0.5778180557798194,-0.36411992639043883,-1.4450657819677615,-1.4011274038678128,-1.4591375789249064,-1.470530825381926,-1.1859868818235593,2.6143434658593345,6.001145099677918,-1.4993033169478818,1.7326143176937565,1.3424913345646496,-1.1032394541017194,-0.8115029502683331,-0.740826849275138,-0.9091094970100174,-0.95989755595179,-0.923550244948836,-0.997396028512906,0,2024,10.0
JAKIA BROWN-TURNER,WAS,1.4816794598042722,-1.4819361594528897,-1.2926898156136835,-1.1760855079782095,4.92326968698975,-2.013276682604743,-2.3982172052192263,-1.609884291704114,-2.0983423198325357,-0.5778180557798194,-1.698833952545047,-1.8347337662691627,-1.4011274038678128,0.5864067446983012,-1.470530825381926,-0.5373949267130843,-1.5631992217186843,-2.2083116435379138,-1.4993033169478818,-2.84736389766408,-0.17220666800792525,-0.33097183623051585,-1.1177672848647955,-0.34058660379614053,-0.9091094970100174,-0.95989755595179,-0.923550244948836,-0.997396028512906,0,2024,8.0
JESSIKA CARTER,LVA,1.4816794598042722,-1.4819361594528897,-1.2926898156136835,-1.1760855079782095,4.92326968698975,-2.013276682604743,-2.3982172052192263,-1.609884291704114,-2.0983423198325357,-0.5778180557798194,0.4572425512431662,-0.3469105534819942,-1.4011274038678128,6.723039715567923,-1.470530825381926,-2.0832057530597163,-1.5631992217186843,-2.2083116435379138,-1.4993033169478818,-2.84736389766408,7.428657405142406,-0.2868422580664471,-1.1177672848647955,-1.1410670947541353,-0.4937131319617848,-0.95989755595179,-0.923550244948836,-0.997396028512906,0,2024,4.4
TAYLOR SOULE,MIN,-2.8045763477810515,-1.4819361594528897,-1.2926898156136835,-1.1760855079782095,4.92326968698975,-2.013276682604743,-2.3982172052192263,-1.609884291704114,-2.0983423198325357,-0.5778180557798194,-0.2203814928045581,-3.3048447979517226,-1.4011274038678128,-1.4591375789249064,-1.470530825381926,3.3217272061942418,-1.5631992217186843,1.8902627125203646,-1.4993033169478818,-2.84736389766408,-1.6960293573429857,1.5004056575783384,-1.1177672848647955,-1.1410670947541353,-0.9091094970100174,-0.95989755595179,-0.923550244948836,-0.997396028512906,0,2024,3.0
DYAISHA FAIR,LVA,-0.6614484439883896,0.7017589303121294,-1.2926898156136835,-1.1760855079782095,4.92326968698975,-2.013276682604743,-2.3982172052192263,-1.609884291704114,-2.0983423198325357,-0.5778180557798194,0.08762943630804379,1.7608389979664951,0.48081943761503065,-1.4591375789249064,-1.470530825381926,-2.0832057530597163,6.791886153437354,-2.2083116435379138,-1.4993033169478818,-2.84736389766408,2.8663140238997102,-0.684008461543066,-1.1177672848647955,-0.34058660379614053,-0.9091094970100174,-0.95989755595179,-0.923550244948836,-0.4587266907883575,0,2024,3.9
EZINNE KALU,ATL,0.054356275878359506,-0.027595229669387086,-1.2926898156136835,-1.1760855079782095,0.8795359357200658,-2.013276682604743,-2.3982172052192263,2.683869786229223,-2.0983423198325357,-0.5778180557798194,-1.4524252092549657,0.23759142297010793,1.1056257889873344,-0.2890862258124316,-1.470530825381926,-0.5373949267130843,-1.5631992217186843,-2.2083116435379138,-1.4993033169478818,4.02948026953988,1.3424913345646496,-0.5516197270508597,-1.1177672848647955,-0.34058660379614053,-0.07831676691355212,-0.95989755595179,-0.923550244948836,-0.4587266907883575,0,2024,12.7
