evt,cl,de,locX,locY,opt1,opt2,mtype,etype,opid,tid,pid,hs,vs,epid,oftid,ord,period
2,10:00,Start Period,0,-80,0,0,0,12,,0,0,0,0,,0,20000,1
4,09:55,Jump Ball Stevens vs Jones (Vandersloot gains possession),0,-80,0,0,0,10,1628280,1611661329,1628922,0,0,202664,1611661329,60000,1
7,09:43,[CHI] Parker Layup Shot: Missed,44,59,2,0,5,2,,1611661329,204323,0,0,,1611661329,70000,1
8,09:41,[CON] Jones Rebound (Off:0 Def:1),44,59,0,0,0,4,,1611661323,1628280,0,0,,1611661329,80000,1
9,09:20,[CON] Hiedeman Turnover : Lost Ball (1 TO) Steal:Quigley (1 ST),69,143,1,0,2,5,201516,1611661323,1629567,0,0,,1611661323,90000,1
11,09:12,[CHI 2-0] Parker Layup Shot: Made (2 PTS) Assist: Stevens (1 AST),-31,17,2,0,5,1,,1611661329,204323,0,2,1628922,1611661329,110000,1
13,08:53,[CON] Bonner Layup Shot: Missed,35,60,2,0,5,2,,1611661323,201886,0,2,,1611661323,130000,1
14,08:53,[CHI] Stevens Rebound (Off:0 Def:1),35,60,0,0,0,4,,1611661329,1628922,0,2,,1611661323,140000,1
15,08:53,Stoppage: Court Cleanup,0,-80,0,0,4,20,,0,0,0,2,,1611661329,150000,1
16,08:51,Jump Ball Stevens vs Jones (Parker gains possession),0,-80,0,0,0,10,1628280,1611661329,1628922,0,2,204323,1611661329,180000,1
19,08:43,[CHI] Copper Turnover : Lost Ball (1 TO) Steal:Thomas (1 ST),48,210,1,0,2,5,202662,1611661329,1627674,0,2,,1611661329,190000,1
21,08:24,[CON] Hiedeman Turnover : Bad Pass (2 TO),104,193,0,0,1,5,,1611661323,1629567,0,2,,1611661323,210000,1
22,08:24,Stoppage: Out-of-Bounds,0,-80,0,0,3,20,,0,0,0,2,,1611661329,220000,1
23,08:13,[CHI 5-0] Quigley 3pt Shot: Made (3 PTS) Assist: Parker (1 AST),-24,252,3,0,1,1,,1611661329,201516,0,5,204323,1611661329,230000,1
24,08:00,[CON 3-5] Thomas 3pt Shot: Made (3 PTS) Assist: Hiedeman (1 AST),-169,170,3,0,1,1,,1611661323,202662,3,5,1629567,1611661323,240000,1
27,07:46,[CHI 7-3] Quigley Hook Shot: Made (5 PTS) Assist: Parker (2 AST),42,24,2,0,3,1,,1611661329,201516,3,7,204323,1611661329,260000,1
29,07:35,[CON] Hiedeman Pullup Jump shot: Missed,-4,169,2,0,79,2,,1611661323,1629567,3,7,,1611661323,280000,1
30,07:32,[CHI] Parker Rebound (Off:0 Def:1),-4,169,0,0,0,4,,1611661329,204323,3,7,,1611661323,290000,1
31,07:27,[CHI 9-3] Copper Pullup Jump shot: Made (2 PTS) Assist: Vandersloot (1 AST),121,113,2,1,79,1,,1611661329,1627674,3,9,202664,1611661329,300000,1
33,07:16,[CHI] Copper Foul: Personal (1 PF),74,159,0,0,1,6,201886,1611661329,1627674,3,9,,1611661323,320000,1
35,07:05,[CON] Jones Turnover : Bad Pass (1 TO) Steal:Copper (1 ST),-158,10,1,0,1,5,1627674,1611661323,1628280,3,9,,1611661323,340000,1
37,07:04,[CON] Thomas Foul: Personal (1 PF),-20,447,0,0,1,6,1627674,1611661323,203826,3,9,,1611661329,360000,1
39,06:55,[CON] Thomas Foul: Personal (2 PF),-4,50,0,0,1,6,202664,1611661323,203826,3,9,,1611661329,380000,1
41,06:55,[CON] Thomas Substitution replaced by Holmes,0,-80,0,0,0,8,,1611661323,203826,3,9,1627678,1611661329,400000,1
44,06:50,[CHI] Vandersloot Layup Shot: Missed,-14,105,2,0,5,2,202662,1611661329,202664,3,9,,1611661329,430000,1
46,06:45,[CON] Thomas Rebound (Off:0 Def:1),-14,105,0,0,0,4,,1611661323,202662,3,9,,1611661329,450000,1
47,06:43,[CON] Thomas Layup Shot: Missed,34,38,2,1,5,2,,1611661323,202662,3,9,,1611661323,460000,1
48,06:43,[CON] Team Rebound,34,38,1,0,0,4,,1611661323,0,3,9,,1611661323,470000,1
49,06:41,[CON 5-9] Thomas Jump Shot: Made (5 PTS) Assist: Hiedeman (2 AST),-191,-10,2,0,1,1,,1611661323,202662,5,9,1629567,1611661323,480000,1
51,06:27,[CHI] Parker Turnover : Lost Ball (1 TO) Steal:Thomas (2 ST),74,352,1,0,2,5,202662,1611661329,204323,5,9,,1611661329,500000,1
53,06:27,[CHI] Parker Foul: Personal (1 PF),-71,471,0,0,1,6,202662,1611661329,204323,5,9,,1611661323,520000,1
55,06:19,[CHI] Parker Foul: Shooting (2 PF) (2 FTA),-53,16,0,0,2,6,1628280,1611661329,204323,5,9,,1611661323,540000,1
57,06:19,[CON 6-9] Jones Free Throw 1 of 2 (1 PTS),0,-80,1,0,11,3,,1611661323,1628280,6,9,,1611661323,560000,1
58,06:19,[CHI] Parker Substitution replaced by Hebard,0,-80,0,0,0,8,,1611661329,204323,6,9,1630113,1611661323,570000,1
60,06:19,[CON] Jones Free Throw 2 of 2 Missed,0,-80,2,0,12,3,,1611661323,1628280,6,9,,1611661323,590000,1
61,06:16,[CHI] Copper Rebound (Off:0 Def:1),0,-80,0,0,0,4,,1611661329,1627674,6,9,,1611661323,590001,1
62,05:57,[CHI 12-6] Vandersloot 3pt Shot: Made (3 PTS) Assist: Hebard (1 AST),227,7,3,0,1,1,,1611661329,202664,6,12,1630113,1611661329,610000,1
64,05:37,[CON] Bonner Jump Shot: Missed,-15,176,2,0,1,2,,1611661323,201886,6,12,,1611661323,630000,1
65,05:35,[CHI] Copper Rebound (Off:0 Def:2),-15,176,0,0,0,4,,1611661329,1627674,6,12,,1611661323,640000,1
66,05:26,[CHI 15-6] Quigley 3pt Shot: Made (8 PTS) Assist: Copper (1 AST),-93,233,3,0,1,1,,1611661329,201516,6,15,1627674,1611661329,650000,1
79,05:26,Instant Replay - Overturn Ruling,0,-80,0,0,1,18,,0,0,6,15,,1611661323,665000,1
68,05:13,[CON] Thomas Turnover : Bad Pass (1 TO),104,59,0,0,1,5,,1611661323,202662,6,15,,1611661323,670000,1
69,05:13,Stoppage: Out-of-Bounds,0,-80,0,0,3,20,,0,0,6,15,,1611661329,680000,1
70,04:52,[CHI] Vandersloot Turnover : Bad Pass (1 TO) Steal:Bonner (1 ST),170,172,1,0,1,5,201886,1611661329,202664,6,15,,1611661329,690000,1
72,04:47,[CON 8-15] Bonner Layup Shot: Made (2 PTS) Assist: Thomas (1 AST),-30,8,2,1,5,1,,1611661323,201886,8,15,202662,1611661323,710000,1
74,04:33,[CHI 17-8] Quigley Layup Shot: Made (10 PTS) Assist: Vandersloot (2 AST),21,16,2,0,5,1,,1611661329,201516,8,17,202664,1611661329,730000,1
75,04:15,[CHI] Hebard Foul: Personal (1 PF),51,53,0,0,1,6,1628280,1611661329,1630113,8,17,,1611661323,740000,1
77,04:15,Timeout Officials,0,-80,0,0,4,9,,0,0,8,17,,1611661323,760000,1
80,04:15,[CON] Hiedeman Substitution replaced by Charles,0,-80,0,0,0,8,,1611661323,1629567,8,17,1630097,1611661323,770000,1
81,04:15,[CHI] Vandersloot Substitution replaced by Williams,0,-80,0,0,0,8,,1611661329,202664,8,17,1628931,1611661323,780000,1
84,04:01,[CON] Jones Jump Shot: Missed,32,47,2,0,1,2,,1611661323,1628280,8,17,,1611661323,810000,1
85,03:58,[CHI] Hebard Rebound (Off:0 Def:1),32,47,0,0,0,4,,1611661329,1630113,8,17,,1611661323,820000,1
86,03:51,[CHI] Williams Turnover : Lost Ball (1 TO),-191,279,0,0,2,5,,1611661329,1628931,8,17,,1611661329,830000,1
87,03:51,Stoppage: Out-of-Bounds,0,-80,0,0,3,20,,0,0,8,17,,1611661323,840000,1
88,03:40,[CON 10-17] Charles Layup Shot: Made (2 PTS) Assist: Jones (1 AST),26,21,2,0,5,1,,1611661323,1630097,10,17,1628280,1611661323,850000,1
90,03:23,[CHI] Stevens Jump Shot: Missed,-6,74,2,0,1,2,,1611661329,1628922,10,17,,1611661329,870000,1
91,03:21,[CHI] Hebard Rebound (Off:1 Def:1),-6,74,1,0,0,4,,1611661329,1630113,10,17,,1611661329,880000,1
92,03:20,[CON] Thomas Foul: Shooting (1 PF) (2 FTA),-168,15,0,0,2,6,201516,1611661323,202662,10,17,,1611661329,890000,1
94,03:20,[CHI 18-10] Quigley Free Throw 1 of 2 (11 PTS),0,-80,1,0,11,3,,1611661329,201516,10,18,,1611661329,910000,1
95,03:20,[CHI 19-10] Quigley Free Throw 2 of 2 (12 PTS),0,-80,1,0,12,3,,1611661329,201516,10,19,,1611661329,920000,1
96,03:10,[CHI] Hebard Foul: Personal (2 PF) (2 FTA),-47,42,1,0,1,6,1628280,1611661329,1630113,10,19,,1611661323,930000,1
98,03:10,[CON 11-19] Jones Free Throw 1 of 2 (2 PTS),0,-80,1,0,11,3,,1611661323,1628280,11,19,,1611661323,950000,1
99,03:10,[CON] Jones Free Throw 2 of 2 Missed,0,-80,2,0,12,3,,1611661323,1628280,11,19,,1611661323,960000,1
100,03:08,[CHI] Hebard Rebound (Off:1 Def:2),0,-80,0,0,0,4,,1611661329,1630113,11,19,,1611661323,960001,1
101,02:49,Jump Ball Bonner vs Stevens (Holmes gains possession),0,-80,0,0,0,10,1628922,1611661323,201886,11,19,1627678,1611661329,1000000,1
104,02:49,[CHI] Stevens Turnover : Lost Ball (1 TO) Steal:Bonner (2 ST),0,-80,1,0,2,5,201886,1611661329,1628922,11,19,,1611661329,1010000,1
106,02:42,[CON 13-19] Bonner Layup Shot: Made (4 PTS),-28,17,2,0,5,1,,1611661323,201886,13,19,,1611661323,1030000,1
107,02:29,[CHI] Quigley Jump Shot: Missed,70,167,2,0,1,2,,1611661329,201516,13,19,,1611661329,1040000,1
108,02:26,[CON] Bonner Rebound (Off:0 Def:1),70,167,0,0,0,4,,1611661323,201886,13,19,,1611661329,1050000,1
109,02:21,[CHI] Quigley Foul: Shooting (1 PF) (2 FTA),-108,121,1,0,2,6,201886,1611661329,201516,13,19,,1611661323,1060000,1
111,02:21,[CHI] Quigley Substitution replaced by DeShields,0,-80,0,0,0,8,,1611661329,201516,13,19,1628890,1611661323,1080000,1
113,02:21,[CHI] Stevens Substitution replaced by Colson,0,-80,0,0,0,8,,1611661329,1628922,13,19,202641,1611661323,1100000,1
115,02:21,[CON 14-19] Bonner Free Throw 1 of 2 (5 PTS),0,-80,1,0,11,3,,1611661323,201886,14,19,,1611661323,1120000,1
116,02:21,[CON 15-19] Bonner Free Throw 2 of 2 (6 PTS),0,-80,1,0,12,3,,1611661323,201886,15,19,,1611661323,1130000,1
117,02:06,[CHI] DeShields Turnover : Bad Pass (1 TO),20,232,0,0,1,5,,1611661329,1628890,15,19,,1611661329,1140000,1
118,02:06,Stoppage: Out-of-Bounds,0,-80,0,0,3,20,,0,0,15,19,,1611661323,1150000,1
119,01:54,Instant Replay - Support Ruling,0,-80,0,0,0,18,,0,0,15,19,,1611661323,1160000,1
120,01:51,[CON] Holmes Jump Shot: Missed,-50,68,2,0,1,2,,1611661323,1627678,15,19,,1611661323,1170000,1
121,01:49,[CON] Holmes Rebound (Off:1 Def:0),-50,68,1,0,0,4,,1611661323,1627678,15,19,,1611661323,1180000,1
122,01:48,[CON 18-19] Thomas 3pt Shot: Made (8 PTS) Assist: Holmes (1 AST),-119,209,3,0,1,1,,1611661323,202662,18,19,1627678,1611661323,1190000,1
124,01:37,[CON] Charles Foul: Personal (1 PF),4,253,0,0,1,6,1628890,1611661323,1630097,18,19,,1611661329,1210000,1
127,01:37,[CON] Jones Substitution replaced by Plaisance,0,-80,0,0,0,8,,1611661323,1628280,18,19,203849,1611661329,1240000,1
129,01:26,[CHI 21-18] Colson Jump Shot: Made (2 PTS),17,82,2,0,1,1,,1611661329,202641,18,21,,1611661329,1260000,1
130,01:11,[CON] Bonner 3pt Shot: Missed,140,214,3,0,1,2,,1611661323,201886,18,21,,1611661323,1270000,1
131,01:10,[CHI] Copper Rebound (Off:0 Def:3),140,214,0,0,0,4,,1611661329,1627674,18,21,,1611661323,1280000,1
132,01:10,[CON] Holmes Foul: Personal (1 PF) (2 FTA),26,812,1,0,1,6,1627674,1611661323,1627678,18,21,,1611661329,1290000,1
134,01:10,[CHI 22-18] Copper Free Throw 1 of 2 (3 PTS),0,-80,1,0,11,3,,1611661329,1627674,18,22,,1611661329,1310000,1
135,01:10,[CHI 23-18] Copper Free Throw 2 of 2 (4 PTS),0,-80,1,0,12,3,,1611661329,1627674,18,23,,1611661329,1320000,1
136,00:56.5,[CON 20-23] Bonner Layup Shot: Made (8 PTS) Assist: Thomas (2 AST),-24,20,2,0,5,1,,1611661323,201886,20,23,202662,1611661323,1330000,1
138,00:43.5,[CHI] DeShields Turnover : Bad Pass (2 TO) Steal:Bonner (3 ST),93,133,1,0,1,5,201886,1611661329,1628890,20,23,,1611661329,1350000,1
140,00:39.1,[CON 22-23] Holmes Layup Shot: Made (2 PTS) Assist: Bonner (1 AST),-33,10,2,1,5,1,,1611661323,1627678,22,23,201886,1611661323,1370000,1
142,00:17.0,[CHI] Copper Turnover : Bad Pass (2 TO),-124,19,0,0,1,5,,1611661329,1627674,22,23,,1611661329,1390000,1
143,00:17.0,Stoppage: Out-of-Bounds,0,-80,0,0,3,20,,0,0,22,23,,1611661323,1400000,1
144,00:01.6,[CON] Bonner Step Back Jump shot: Missed,-102,173,2,0,80,2,,1611661323,201886,22,23,,1611661323,1410000,1
145,00:01.6,[CHI] Copper Rebound (Off:0 Def:4),-102,173,0,0,0,4,,1611661329,1627674,22,23,,1611661323,1420000,1
146,00:00.0,End Period,0,-80,0,0,0,13,,0,0,22,23,,1611661329,1430000,1
155,10:00,Start Period,0,-80,0,0,0,12,,0,0,22,23,,1611661323,1520000,2
156,09:50,[CON] Thomas Turnover : Lost Ball (2 TO) Steal:DeShields (1 ST),-98,344,1,0,2,5,1628890,1611661323,202662,22,23,,1611661323,1530000,2
158,09:47,[CHI 25-22] DeShields Layup Shot: Made (2 PTS),10,-6,2,1,5,1,,1611661329,1628890,22,25,,1611661329,1550000,2
159,09:34,[CON] Holmes Layup Shot: Missed,24,16,2,0,5,2,,1611661323,1627678,22,25,,1611661323,1560000,2
160,09:32,[CHI] Vandersloot Rebound (Off:0 Def:1),24,16,0,0,0,4,,1611661329,202664,22,25,,1611661323,1570000,2
161,09:21,[CHI 28-22] DeShields 3pt Shot: Made (5 PTS) Assist: Williams (1 AST),-228,3,3,0,1,1,,1611661329,1628890,22,28,1628931,1611661329,1580000,2
163,09:08,[CON 25-28] Charles 3pt Shot: Made (5 PTS) Assist: Thomas (1 AST),-217,137,3,0,1,1,,1611661323,1630097,25,28,203826,1611661323,1600000,2
165,08:46,[CHI 30-25] DeShields Jump Shot: Made (7 PTS) Assist: Vandersloot (3 AST),44,199,2,0,1,1,,1611661329,1628890,25,30,202664,1611661329,1620000,2
167,08:35,[CON] Thomas Jump Shot: Missed,182,16,2,0,1,2,,1611661323,202662,25,30,,1611661323,1640000,2
168,08:32,[CHI] DeShields Rebound (Off:0 Def:1),182,16,0,0,0,4,,1611661329,1628890,25,30,,1611661323,1650000,2
169,08:25,[CHI] DeShields Turnover : Lost Ball (3 TO) Steal:Thomas (3 ST),25,61,1,0,2,5,202662,1611661329,1628890,25,30,,1611661329,1660000,2
171,08:14,[CON] Thomas Turnover : Bad Pass (3 TO) Steal:Quigley (2 ST),121,452,1,0,1,5,201516,1611661323,202662,25,30,,1611661323,1680000,2
173,08:10,[CHI 32-25] Williams Layup Shot: Made (2 PTS) Assist: Vandersloot (4 AST),-3,39,2,0,5,1,,1611661329,1628931,25,32,202664,1611661329,1700000,2
174,08:06,[CHI] Stevens Foul: Personal (1 PF),163,112,0,0,1,6,203826,1611661329,1628922,25,32,,1611661323,1710000,2
176,08:06,[CON] Thomas Substitution replaced by Jones,0,-80,0,0,0,8,,1611661323,202662,25,32,1628280,1611661323,1730000,2
177,08:06,[CON] Holmes Substitution replaced by Mosqueda-Lewis,0,-80,0,0,0,8,,1611661323,1627678,25,32,204321,1611661323,1740000,2
178,08:06,[CON] Plaisance Substitution replaced by Hiedeman,0,-80,0,0,0,8,,1611661323,203849,25,32,1629567,1611661323,1750000,2
182,07:56,[CHI] DeShields Foul: Shooting (1 PF) (2 FTA),130,49,0,0,2,6,1630097,1611661329,1628890,25,32,,1611661323,1790000,2
184,07:56,[CON 26-32] Charles Free Throw 1 of 2 (6 PTS),0,-80,1,0,11,3,,1611661323,1630097,26,32,,1611661323,1810000,2
186,07:56,[CON 27-32] Charles Free Throw 2 of 2 (7 PTS),0,-80,1,0,12,3,,1611661323,1630097,27,32,,1611661323,1820000,2
187,07:45,Stoppage: Out-of-Bounds,0,-80,0,0,3,20,,0,0,27,32,,1611661329,1830000,2
188,07:36,[CHI] Stevens Jump Shot: Missed,-50,148,2,0,1,2,,1611661329,1628922,27,32,,1611661329,1840000,2
189,07:32,[CHI] Williams Rebound (Off:1 Def:0),-50,148,1,0,0,4,,1611661329,1628931,27,32,,1611661329,1850000,2
190,07:30,[CHI 34-27] Stevens Layup Shot: Made (2 PTS) Assist: Williams (2 AST),13,11,2,0,5,1,,1611661329,1628922,27,34,1628931,1611661329,1860000,2
192,07:15,[CON] Jones Jump Shot: Missed,-116,51,2,0,1,2,,1611661323,1628280,27,34,,1611661323,1880000,2
193,07:11,[CHI] Williams Rebound (Off:1 Def:1),-116,51,0,0,0,4,,1611661329,1628931,27,34,,1611661323,1890000,2
194,07:06,[CHI 36-27] DeShields Layup Shot: Made (9 PTS) Assist: Vandersloot (5 AST),-28,-9,2,1,5,1,,1611661329,1628890,27,36,202664,1611661329,1900000,2
196,07:06,[CON] Team Timeout : Regular,0,-80,0,0,1,9,,1611661323,1611661323,27,36,,1611661323,1920000,2
197,06:51,[CON 29-36] Charles Layup Shot: Made (9 PTS),22,40,2,0,5,1,,1611661323,1630097,29,36,,1611661323,1930000,2
198,06:35,[CHI] Vandersloot Layup Shot: Missed,-31,22,2,0,5,2,,1611661329,202664,29,36,,1611661329,1940000,2
199,06:35,[CHI] Stevens Rebound (Off:1 Def:1),-31,22,1,0,0,4,,1611661329,1628922,29,36,,1611661329,1950000,2
200,06:34,[CHI 38-29] Stevens Putback Layup Shot: Made (4 PTS),0,-5,2,0,72,1,,1611661329,1628922,29,38,,1611661329,1990000,2
201,06:34,[CON] Charles Foul: Shooting (2 PF) (1 FTA),99,878,0,0,2,6,1628922,1611661323,1630097,29,38,,1611661329,1995000,2
203,06:34,[CHI 39-29] Stevens Free Throw 1 of 1 (5 PTS),0,-80,1,0,10,3,,1611661329,1628922,29,39,,1611661329,2000000,2
204,06:16,[CON] Charles Jump Shot: Missed,-74,101,2,0,1,2,1628922,1611661323,1630097,29,39,,1611661323,2030000,2
206,06:14,[CHI] Stevens Rebound (Off:1 Def:2),-74,101,0,0,0,4,,1611661329,1628922,29,39,,1611661323,2050000,2
207,06:10,[CHI] DeShields 3pt Shot: Missed,-141,199,3,1,1,2,,1611661329,1628890,29,39,,1611661329,2060000,2
208,06:07,[CON] Thomas Rebound (Off:0 Def:1),-141,199,0,0,0,4,,1611661323,203826,29,39,,1611661329,2070000,2
209,05:56,[CHI] DeShields Foul: Shooting (2 PF) (2 FTA),-5,40,0,0,2,6,203826,1611661329,1628890,29,39,,1611661323,2080000,2
211,05:56,[CON 30-39] Thomas Free Throw 1 of 2 (1 PTS),0,-80,1,0,11,3,,1611661323,203826,30,39,,1611661323,2100000,2
212,05:56,[CON 31-39] Thomas Free Throw 2 of 2 (2 PTS),0,-80,1,0,12,3,,1611661323,203826,31,39,,1611661323,2110000,2
213,05:42,[CON] Hiedeman Foul: Shooting (1 PF) (2 FTA),156,113,0,0,2,6,201516,1611661323,1629567,31,39,,1611661329,2120000,2
215,05:42,[CHI] Quigley Free Throw 1 of 2 Missed,0,-80,2,0,11,3,,1611661329,201516,31,39,,1611661329,2140000,2
216,05:42,[CHI] Team Rebound,0,-80,1,0,1,4,,1611661329,0,31,39,,1611661329,2140001,2
217,05:42,[CHI] DeShields Substitution replaced by Copper,0,-80,0,0,0,8,,1611661329,1628890,31,39,1627674,1611661329,2160000,2
219,05:42,[CHI] Quigley Free Throw 2 of 2 Missed,0,-80,2,0,12,3,,1611661329,201516,31,39,,1611661329,2180000,2
220,05:39,[CON] Thomas Rebound (Off:0 Def:2),0,-80,0,0,0,4,,1611661323,203826,31,39,,1611661329,2180001,2
221,05:32,[CON] Thomas Turnover : Bad Pass (1 TO) Steal:Copper (2 ST),-58,236,1,0,1,5,1627674,1611661323,203826,31,39,,1611661323,2200000,2
223,05:28,[CON] Jones Foul: Shooting (1 PF) (2 FTA),13,45,0,0,2,6,202664,1611661323,1628280,31,39,,1611661329,2220000,2
225,05:28,[CHI 40-31] Vandersloot Free Throw 1 of 2 (4 PTS),0,-80,1,0,11,3,,1611661329,202664,31,40,,1611661329,2240000,2
226,05:28,[CON] Hiedeman Substitution replaced by Thomas,0,-80,0,0,0,8,,1611661323,1629567,31,40,202662,1611661329,2250000,2
227,05:28,[CON] Mosqueda-Lewis Substitution replaced by Bonner,0,-80,0,0,0,8,,1611661323,204321,31,40,201886,1611661329,2260000,2
245,05:28,[CHI] Williams Substitution replaced by Parker,0,-80,0,0,0,8,,1611661329,1628931,31,40,204323,1611661329,2305000,2
232,05:28,[CHI 41-31] Vandersloot Free Throw 2 of 2 (5 PTS),0,-80,1,0,12,3,,1611661329,202664,31,41,,1611661329,2310000,2
233,05:07,[CON] Thomas Jump Shot: Missed,-17,47,2,0,1,2,,1611661323,203826,31,41,,1611661323,2320000,2
234,05:05,[CON] Jones Rebound (Off:1 Def:1),-17,47,1,0,0,4,,1611661323,1628280,31,41,,1611661323,2330000,2
235,05:04,[CON] Jones Turnover : Bad Pass (2 TO) Steal:Copper (3 ST),24,40,1,0,1,5,1627674,1611661323,1628280,31,41,,1611661323,2340000,2
237,04:52,[CHI] Stevens 3pt Shot: Missed,-184,147,3,0,1,2,,1611661329,1628922,31,41,,1611661329,2360000,2
238,04:47,[CON] Jones Rebound (Off:1 Def:2),-184,147,0,0,0,4,,1611661323,1628280,31,41,,1611661329,2370000,2
239,04:27,[CON] Thomas 3pt Shot: Missed,137,253,3,0,1,2,,1611661323,202662,31,41,,1611661323,2380000,2
240,04:24,[CHI] Stevens Rebound (Off:1 Def:3),137,253,0,0,0,4,,1611661329,1628922,31,41,,1611661323,2390000,2
241,04:05,[CHI] Copper Layup Shot: Missed,24,22,2,0,5,2,,1611661329,1627674,31,41,,1611661329,2400000,2
242,04:03,[CON] Thomas Rebound (Off:0 Def:3),24,22,0,0,0,4,,1611661323,203826,31,41,,1611661329,2410000,2
243,03:59,[CHI] Quigley Foul: Shooting (2 PF) (2 FTA),-21,26,0,0,2,6,1630097,1611661329,201516,31,41,,1611661323,2420000,2
246,03:59,[CON 32-41] Charles Free Throw 1 of 2 (10 PTS),0,-80,1,0,11,3,,1611661323,1630097,32,41,,1611661323,2440000,2
247,03:59,[CHI] Quigley Substitution replaced by DeShields,0,-80,0,0,0,8,,1611661329,201516,32,41,1628890,1611661323,2450000,2
248,03:59,[CHI] Vandersloot Substitution replaced by Williams,0,-80,0,0,0,8,,1611661329,202664,32,41,1628931,1611661323,2460000,2
251,03:59,[CON 33-41] Charles Free Throw 2 of 2 (11 PTS),0,-80,1,0,12,3,,1611661323,1630097,33,41,,1611661323,2490000,2
252,03:46,[CHI] Parker 3pt Shot: Missed,108,211,3,0,1,2,,1611661329,204323,33,41,,1611661329,2500000,2
253,03:41,[CON] Bonner Rebound (Off:0 Def:2),108,211,0,0,0,4,,1611661323,201886,33,41,,1611661329,2510000,2
254,03:36,[CON 35-41] Thomas Jump Shot: Made (10 PTS),-87,149,2,1,1,1,,1611661323,202662,35,41,,1611661323,2520000,2
255,03:13,[CON] Bonner Foul: Shooting (1 PF) (2 FTA),41,39,0,0,2,6,1627674,1611661323,201886,35,41,,1611661329,2530000,2
257,03:13,[CHI 42-35] Copper Free Throw 1 of 2 (5 PTS),0,-80,1,0,11,3,,1611661329,1627674,35,42,,1611661329,2550000,2
258,03:13,[CHI 43-35] Copper Free Throw 2 of 2 (6 PTS),0,-80,1,0,12,3,,1611661329,1627674,35,43,,1611661329,2560000,2
259,02:57,[CON 37-43] Thomas Jump Shot: Made (12 PTS),-13,167,2,0,1,1,,1611661323,202662,37,43,,1611661323,2570000,2
260,02:41,[CHI] Parker Turnover : Out of Bounds Lost Ball Turnover (2 TO),26,244,0,0,40,5,,1611661329,204323,37,43,,1611661329,2580000,2
261,02:41,Stoppage: Out-of-Bounds,0,-80,0,0,3,20,,0,0,37,43,,1611661323,2590000,2
262,02:41,[CHI] Team Timeout : Regular,0,-80,0,0,1,9,,1611661329,1611661329,37,43,,1611661323,2600000,2
263,02:24,[CON] Thomas 3pt Shot: Missed,102,226,3,0,1,2,,1611661323,202662,37,43,,1611661323,2610000,2
264,02:22,[CON] Charles Rebound (Off:1 Def:0),102,226,1,0,0,4,,1611661323,1630097,37,43,,1611661323,2620000,2
274,02:15,Stoppage: Out-of-Bounds,0,-80,0,0,3,20,,0,0,37,43,,1611661323,2625000,2
265,02:15,[CHI] Parker Foul: Shooting (3 PF) (2 FTA),32,16,1,0,2,6,201886,1611661329,204323,37,43,,1611661323,2630000,2
267,02:15,[CON] Bonner Free Throw 1 of 2 Missed,0,-80,2,0,11,3,,1611661323,201886,37,43,,1611661323,2650000,2
268,02:15,[CON] Team Rebound,0,-80,1,0,1,4,,1611661323,0,37,43,,1611661323,2650001,2
269,02:15,[CHI] Parker Substitution replaced by Quigley,0,-80,0,0,0,8,,1611661329,204323,37,43,201516,1611661323,2670000,2
270,02:15,[CHI] DeShields Substitution replaced by Vandersloot,0,-80,0,0,0,8,,1611661329,1628890,37,43,202664,1611661323,2680000,2
273,02:15,[CON 38-43] Bonner Free Throw 2 of 2 (9 PTS),0,-80,1,0,12,3,,1611661323,201886,38,43,,1611661323,2710000,2
275,01:53,[CHI 45-38] Copper Layup Shot: Made (8 PTS),32,31,2,0,5,1,,1611661329,1627674,38,45,,1611661329,2720000,2
276,01:32,[CON] Thomas Turnover : Lost Ball (4 TO) Steal:Williams (1 ST),-71,304,1,0,2,5,1628931,1611661323,202662,38,45,,1611661323,2730000,2
278,01:27,[CHI 47-38] Williams Layup Shot: Made (4 PTS) Assist: Vandersloot (6 AST),27,29,2,1,5,1,,1611661329,1628931,38,47,202664,1611661329,2750000,2
280,01:08,[CON 40-47] Jones Layup Shot: Made (4 PTS) Assist: Thomas (3 AST),-27,5,2,0,5,1,,1611661323,1628280,40,47,202662,1611661323,2770000,2
282,00:59.7,[CHI 49-40] Vandersloot Layup Shot: Made (7 PTS),25,28,2,0,5,1,,1611661329,202664,40,49,,1611661329,2790000,2
283,00:43.1,[CON 42-49] Thomas Layup Shot: Made (4 PTS),39,22,2,0,5,1,,1611661323,203826,42,49,,1611661323,2800000,2
284,00:30.2,[CON] Charles Foul: Personal (3 PF) (2 FTA),-9,257,1,0,1,6,1628931,1611661323,1630097,42,49,,1611661329,2810000,2
286,00:30.2,[CHI] Copper Substitution replaced by DeShields,0,-80,0,0,0,8,,1611661329,1627674,42,49,1628890,1611661329,2830000,2
288,00:30.2,[CHI] Williams Free Throw 1 of 2 Missed,0,-80,2,0,11,3,,1611661329,1628931,42,49,,1611661329,2850000,2
289,00:30.2,[CHI] Team Rebound,0,-80,1,0,1,4,,1611661329,0,42,49,,1611661329,2850001,2
290,00:30.2,[CHI 50-42] Williams Free Throw 2 of 2 (5 PTS),0,-80,1,0,12,3,,1611661329,1628931,42,50,,1611661329,2870000,2
291,00:14.9,[CON 44-50] Charles Jump Shot: Made (13 PTS),141,-5,2,0,1,1,,1611661323,1630097,44,50,,1611661323,2880000,2
292,00:12.9,[CHI] Vandersloot Turnover : Lost Ball (2 TO) Steal:Bonner (4 ST),50,764,1,0,2,5,201886,1611661329,202664,44,50,,1611661329,2890000,2
294,00:10.5,[CON 46-50] Bonner Layup Shot: Made (11 PTS),-25,15,2,0,5,1,,1611661323,201886,46,50,,1611661323,2910000,2
295,00:05.1,[CHI] DeShields Foul: Offensive Charge (3 PF),47,34,1,0,26,6,1628280,1611661329,1628890,46,50,,1611661329,2920000,2
297,00:05.1,[CHI] DeShields Turnover : Offensive Foul Turnover (4 TO),47,34,0,0,37,5,,1611661329,1628890,46,50,,1611661329,2940000,2
298,00:03.3,[CON] Thomas Turnover : Lost Ball (2 TO) Steal:Stevens (1 ST),-210,756,1,0,2,5,1628922,1611661323,203826,46,50,,1611661323,2950000,2
301,00:02.5,[CHI 52-46] Stevens Layup Shot: Made (7 PTS),10,18,2,0,5,1,,1611661329,1628922,46,52,,1611661329,2980000,2
302,00:00.0,End Period,0,-80,0,0,0,13,,0,0,46,52,,1611661323,2990000,2
307,10:00,Start Period,0,-80,0,0,0,12,,0,0,46,52,,1611661323,3040000,3
308,09:41,[CON] Bonner 3pt Shot: Missed,-129,223,3,0,1,2,,1611661323,201886,46,52,,1611661323,3050000,3
309,09:41,[CHI] Team Rebound,-129,223,0,0,0,4,,1611661329,0,46,52,,1611661323,3060000,3
310,09:41,[CON] Charles Foul: Loose Ball (4 PF),-44,814,0,0,3,6,201516,1611661323,1630097,46,52,,1611661329,3070000,3
312,09:41,[CON] Charles Substitution replaced by Hiedeman,0,-80,0,0,0,8,,1611661323,1630097,46,52,1629567,1611661329,3090000,3
314,09:23,[CHI] Copper 3pt Shot: Missed,224,73,3,0,1,2,,1611661329,1627674,46,52,,1611661329,3110000,3
315,09:20,[CON] Jones Rebound (Off:1 Def:3),224,73,0,0,0,4,,1611661323,1628280,46,52,,1611661329,3120000,3
316,09:09,[CON 48-52] Jones Layup Shot: Made (6 PTS) Assist: Thomas (2 AST),24,42,2,0,5,1,,1611661323,1628280,48,52,203826,1611661323,3130000,3
318,08:56,[CHI 54-48] Quigley Jump Shot: Made (14 PTS) Assist: Vandersloot (7 AST),-145,60,2,0,1,1,,1611661329,201516,48,54,202664,1611661329,3150000,3
319,08:41,[CON 50-54] Jones Layup Shot: Made (8 PTS) Assist: Hiedeman (3 AST),-19,33,2,0,5,1,,1611661323,1628280,50,54,1629567,1611661323,3160000,3
321,08:18,[CHI] Copper Jump Shot: Missed,97,-12,2,0,1,2,,1611661329,1627674,50,54,,1611661329,3180000,3
322,08:16,[CON] Hiedeman Rebound (Off:0 Def:1),97,-12,0,0,0,4,,1611661323,1629567,50,54,,1611661329,3190000,3
324,08:00,[CHI] Stevens Foul: Shooting (2 PF) (2 FTA),33,31,0,0,2,6,1628280,1611661329,1628922,50,54,,1611661323,3200000,3
326,08:00,[CON] Jones Free Throw 1 of 2 Missed,0,-80,2,0,11,3,,1611661323,1628280,50,54,,1611661323,3220000,3
327,08:00,[CON] Team Rebound,0,-80,1,0,1,4,,1611661323,0,50,54,,1611661323,3220001,3
328,08:00,[CON 51-54] Jones Free Throw 2 of 2 (9 PTS),0,-80,1,0,12,3,,1611661323,1628280,51,54,,1611661323,3240000,3
329,07:44,[CHI 57-51] Copper 3pt Shot: Made (11 PTS) Assist: Vandersloot (8 AST),-136,212,3,0,1,1,,1611661329,1627674,51,57,202664,1611661329,3250000,3
331,07:27,[CON] Bonner Layup Shot: Missed,28,13,2,0,5,2,,1611661323,201886,51,57,,1611661323,3270000,3
332,07:25,[CON] Team Rebound,28,13,1,0,0,4,,1611661323,0,51,57,,1611661323,3280000,3
333,07:22,Jump Ball Copper vs Thomas (Quigley gains possession),0,-80,0,0,0,10,203826,1611661329,1627674,51,57,201516,1611661323,3310000,3
336,07:22,[CON] Thomas Turnover : Lost Ball (3 TO) Steal:Copper (4 ST),0,-80,1,0,2,5,1627674,1611661323,203826,51,57,,1611661323,3320000,3
338,07:13,[CON] Hiedeman Foul: Shooting (2 PF) (2 FTA),-98,54,0,0,2,6,204323,1611661323,1629567,51,57,,1611661329,3340000,3
340,07:13,[CHI 58-51] Parker Free Throw 1 of 2 (3 PTS),0,-80,1,0,11,3,,1611661329,204323,51,58,,1611661329,3360000,3
341,07:13,[CHI 59-51] Parker Free Throw 2 of 2 (4 PTS),0,-80,1,0,12,3,,1611661329,204323,51,59,,1611661329,3370000,3
342,06:56,[CON 54-59] Thomas 3pt Shot: Made (15 PTS) Assist: Thomas (3 AST),180,176,3,0,1,1,,1611661323,202662,54,59,203826,1611661323,3380000,3
344,06:37,[CHI] Vandersloot Foul: Offensive (1 PF),137,106,0,0,4,6,203826,1611661329,202664,54,59,,1611661329,3400000,3
346,06:37,[CHI] Vandersloot Turnover : Offensive Foul Turnover (3 TO),137,106,0,0,37,5,,1611661329,202664,54,59,,1611661329,3420000,3
347,06:23,[CON 57-59] Hiedeman 3pt Shot: Made (3 PTS) Assist: Jones (2 AST),-128,228,3,0,1,1,,1611661323,1629567,57,59,1628280,1611661323,3430000,3
349,06:10,[CHI] Copper Jump Shot: Missed,4,172,2,0,1,2,1628280,1611661329,1627674,57,59,,1611661329,3450000,3
351,06:06,[CON] Thomas Rebound (Off:0 Def:4),4,172,0,0,0,4,,1611661323,203826,57,59,,1611661329,3470000,3
352,06:06,[CON] Thomas Turnover : Lost Ball (4 TO),81,496,0,0,2,5,,1611661323,203826,57,59,,1611661323,3480000,3
353,06:06,Stoppage: Out-of-Bounds,0,-80,0,0,3,20,,0,0,57,59,,1611661329,3490000,3
354,05:52,[CON] Hiedeman Foul: Personal (3 PF),123,87,0,0,1,6,201516,1611661323,1629567,57,59,,1611661329,3500000,3
356,05:47,[CHI] Quigley Jump Shot: Missed,-48,167,2,0,1,2,,1611661329,201516,57,59,,1611661329,3520000,3
357,05:46,[CON] Bonner Rebound (Off:0 Def:3),-48,167,0,0,0,4,,1611661323,201886,57,59,,1611661329,3530000,3
358,05:32,[CON] Thomas Turnover : Bad Pass (5 TO) Steal:Parker (1 ST),139,203,1,0,1,5,204323,1611661323,202662,57,59,,1611661323,3540000,3
360,05:15,[CHI 62-57] Copper 3pt Shot: Made (14 PTS) Assist: Quigley (1 AST),75,229,3,0,1,1,,1611661329,1627674,57,62,201516,1611661329,3560000,3
362,04:51,[CON 59-62] Thomas Layup Shot: Made (17 PTS),-23,29,2,0,5,1,,1611661323,202662,59,62,,1611661323,3580000,3
363,04:46,[CHI 64-59] Quigley Layup Shot: Made (16 PTS) Assist: Vandersloot (9 AST),-15,22,2,1,5,1,,1611661329,201516,59,64,202664,1611661329,3590000,3
365,04:31,[CON] Thomas Turnover : Out of Bounds Lost Ball Turnover (6 TO),-39,131,0,0,40,5,,1611661323,202662,59,64,,1611661323,3610000,3
366,04:31,Stoppage: Out-of-Bounds,0,-80,0,0,3,20,,0,0,59,64,,1611661329,3620000,3
367,04:31,Timeout Officials,0,-80,0,0,4,9,,0,0,59,64,,1611661329,3630000,3
368,04:31,[CHI] Vandersloot Substitution replaced by Williams,0,-80,0,0,0,8,,1611661329,202664,59,64,1628931,1611661329,3640000,3
371,04:11,[CON] Jones Foul: Shooting (2 PF) (2 FTA),-31,25,0,0,2,6,204323,1611661323,1628280,59,64,,1611661329,3670000,3
373,04:11,[CHI 65-59] Parker Free Throw 1 of 2 (5 PTS),0,-80,1,0,11,3,,1611661329,204323,59,65,,1611661329,3690000,3
374,04:11,[CHI 66-59] Parker Free Throw 2 of 2 (6 PTS),0,-80,1,0,12,3,,1611661329,204323,59,66,,1611661329,3700000,3
375,04:06,[CHI] Copper Foul: Personal (2 PF),96,203,0,0,1,6,202662,1611661329,1627674,59,66,,1611661323,3710000,3
379,03:59,[CHI] Stevens Foul: Personal (3 PF) (2 FTA),-44,39,0,0,1,6,203826,1611661329,1628922,59,66,,1611661323,3750000,3
381,03:59,[CON 60-66] Thomas Free Throw 1 of 2 (5 PTS),0,-80,1,0,11,3,,1611661323,203826,60,66,,1611661323,3770000,3
403,03:59,[CON] Thomas Free Throw 2 of 2 Missed,0,-80,2,0,12,3,,1611661323,203826,60,66,,1611661323,3780000,3
404,03:59,[CON] Team Rebound,0,-80,1,0,0,4,,1611661323,0,60,66,,1611661323,3780001,3
383,03:52,[CON 62-66] Thomas Layup Shot: Made (7 PTS) Assist: Hiedeman (4 AST),5,35,2,0,5,1,,1611661323,203826,62,66,1629567,1611661323,3790000,3
385,03:40,[CHI] Copper Jump Shot: Missed,-31,19,2,0,1,2,,1611661329,1627674,62,66,,1611661329,3810000,3
386,03:39,[CHI] Parker Rebound (Off:1 Def:1),-31,19,1,0,0,4,,1611661329,204323,62,66,,1611661329,3820000,3
387,03:39,[CHI] Parker Jump Shot: Missed,15,26,2,0,1,2,,1611661329,204323,62,66,,1611661329,3830000,3
388,03:39,[CHI] Team Rebound,15,26,1,0,0,4,,1611661329,0,62,66,,1611661329,3840000,3
389,03:39,[CON] Thomas Substitution replaced by Holmes,0,-80,0,0,0,8,,1611661323,202662,62,66,1627678,1611661329,3850000,3
390,03:39,[CHI] Stevens Substitution replaced by DeShields,0,-80,0,0,0,8,,1611661329,1628922,62,66,1628890,1611661329,3860000,3
393,03:33,Jump Ball Parker vs Jones (Quigley gains possession),0,-80,0,0,0,10,1628280,1611661329,204323,62,66,201516,1611661329,3910000,3
396,03:19,[CHI] DeShields Turnover : Lost Ball (5 TO) Steal:Holmes (1 ST),52,123,1,0,2,5,1627678,1611661329,1628890,62,66,,1611661329,3920000,3
398,03:15,[CON 64-66] Holmes Layup Shot: Made (4 PTS) Assist: Thomas (4 AST),42,3,2,1,5,1,,1611661323,1627678,64,66,203826,1611661323,3940000,3
400,02:58,[CHI] Parker 3pt Shot: Missed,-117,214,3,0,1,2,,1611661329,204323,64,66,,1611661329,3960000,3
401,02:54,[CON] Bonner Rebound (Off:0 Def:4),-117,214,0,0,0,4,,1611661323,201886,64,66,,1611661329,3970000,3
402,02:42,[CON 66-66] Holmes Jump Shot: Made (6 PTS),35,130,2,0,1,1,,1611661323,1627678,66,66,,1611661323,3980000,3
405,02:24,[CHI 69-66] Quigley 3pt Shot: Made (19 PTS),146,202,3,0,1,1,,1611661329,201516,66,69,,1611661329,3990000,3
406,02:11,[CON] Jones Foul: Offensive (3 PF),-75,199,0,0,4,6,201516,1611661323,1628280,66,69,,1611661323,4000000,3
408,02:11,[CON] Jones Turnover : Offensive Foul Turnover (3 TO),-75,199,0,0,37,5,,1611661323,1628280,66,69,,1611661323,4020000,3
409,02:11,[CON] Jones Substitution replaced by Plaisance,0,-80,0,0,0,8,,1611661323,1628280,66,69,203849,1611661329,4030000,3
410,02:11,[CHI] Copper Substitution replaced by Vandersloot,0,-80,0,0,0,8,,1611661329,1627674,66,69,202664,1611661329,4040000,3
413,02:02,[CON] Plaisance Foul: Personal (1 PF) (2 FTA),39,36,1,0,1,6,204323,1611661323,203849,66,69,,1611661329,4070000,3
415,02:02,[CHI 70-66] Parker Free Throw 1 of 2 (7 PTS),0,-80,1,0,11,3,,1611661329,204323,66,70,,1611661329,4090000,3
424,02:02,[CHI 71-66] Parker Free Throw 2 of 2 (8 PTS),0,-80,1,0,12,3,,1611661329,204323,66,71,,1611661329,4095000,3
416,01:49,[CON] Plaisance 3pt Shot: Missed,30,247,3,0,1,2,,1611661323,203849,66,71,,1611661323,4100000,3
417,01:46,[CHI] DeShields Rebound (Off:0 Def:2),30,247,0,0,0,4,,1611661329,1628890,66,71,,1611661323,4110000,3
418,01:41,[CHI] Quigley 3pt Shot: Missed,-150,204,3,1,1,2,,1611661329,201516,66,71,,1611661329,4120000,3
419,01:41,[CON] Holmes Rebound (Off:1 Def:1),-150,204,0,0,0,4,,1611661323,1627678,66,71,,1611661329,4130000,3
420,01:31,[CON 69-71] Holmes 3pt Shot: Made (9 PTS) Assist: Bonner (2 AST),197,141,3,0,1,1,,1611661323,1627678,69,71,201886,1611661323,4140000,3
422,01:13,[CHI 73-69] Parker Layup Shot: Made (10 PTS),-22,24,2,0,5,1,,1611661329,204323,69,73,,1611661329,4160000,3
425,00:59.8,[CON] Hiedeman Layup Shot: Missed,-34,39,2,0,5,2,,1611661323,1629567,69,73,,1611661323,4180000,3
426,00:58.0,[CHI] Quigley Rebound (Off:0 Def:1),-34,39,0,0,0,4,,1611661329,201516,69,73,,1611661323,4190000,3
427,00:55.9,[CHI 75-69] DeShields Layup Shot: Made (11 PTS) Assist: Quigley (2 AST),29,31,2,0,5,1,,1611661329,1628890,69,75,201516,1611661329,4205000,3
429,00:55.9,[CON] Plaisance Foul: Shooting (2 PF) (1 FTA),29,31,1,0,2,6,1628890,1611661323,203849,69,75,,1611661329,4220000,3
431,00:55.9,[CON] Plaisance Substitution replaced by Charles,0,-80,0,0,0,8,,1611661323,203849,69,75,1630097,1611661329,4240000,3
433,00:55.9,[CHI 76-69] DeShields Free Throw 1 of 1 (12 PTS),0,-80,1,0,10,3,,1611661329,1628890,69,76,,1611661329,4260000,3
434,00:38.1,[CON] Bonner Jump Shot: Missed,-53,114,2,0,1,2,,1611661323,201886,69,76,,1611661323,4270000,3
435,00:36.2,[CHI] Quigley Rebound (Off:0 Def:2),-53,114,0,0,0,4,,1611661329,201516,69,76,,1611661323,4280000,3
437,00:30.9,[CHI] DeShields Layup Shot: Missed,22,24,2,0,5,2,,1611661329,1628890,69,76,,1611661329,4300000,3
438,00:30.9,[CHI] DeShields Rebound (Off:1 Def:2),22,24,1,0,0,4,,1611661329,1628890,69,76,,1611661329,4310000,3
439,00:30.9,[CHI 78-69] DeShields Putback Layup Shot: Made (14 PTS),0,-5,2,0,72,1,,1611661329,1628890,69,78,,1611661329,4320000,3
440,00:30.9,[CON] Poole Technical (1 FTA),0,-80,1,0,11,6,,1611661323,1628942,69,78,,1611661323,4330000,3
441,00:30.9,[CHI 79-69] Quigley Free Throw Technical (20 PTS),0,-80,1,0,16,3,,1611661329,201516,69,79,,1611661323,4340000,3
442,00:12.2,[CON] Bonner Jump Shot: Missed,124,59,2,0,1,2,,1611661323,201886,69,79,,1611661323,4350000,3
443,00:09.1,[CON] Thomas Rebound (Off:1 Def:4),124,59,1,0,0,4,,1611661323,203826,69,79,,1611661323,4360000,3
444,00:07.3,[CON 71-79] Thomas Layup Shot: Made (9 PTS),-40,31,2,0,5,1,,1611661323,203826,71,79,,1611661323,4370000,3
445,00:00.1,[CHI] Vandersloot 3pt Shot: Missed,135,207,3,0,1,2,,1611661329,202664,71,79,,1611661329,4380000,3
446,00:00.1,[CHI] Team Rebound,135,207,1,0,0,4,,1611661329,0,71,79,,1611661329,4390000,3
448,00:00.0,End Period,0,-80,0,0,0,13,,0,0,71,79,,1611661329,4400000,3
453,10:00,Start Period,0,-80,0,0,0,12,,0,0,71,79,,1611661329,4450000,4
454,09:33,[CHI] Vandersloot 3pt Shot: Missed,179,155,3,0,1,2,,1611661329,202664,71,79,,1611661329,4460000,4
455,09:31,[CON] Thomas Rebound (Off:1 Def:5),179,155,0,0,0,4,,1611661323,203826,71,79,,1611661329,4470000,4
456,09:21,[CON] Hiedeman 3pt Shot: Missed,-167,185,3,0,1,2,,1611661323,1629567,71,79,,1611661323,4480000,4
457,09:19,[CHI] Team Rebound,-167,185,0,0,0,4,,1611661329,0,71,79,,1611661323,4490000,4
458,08:56,[CHI 81-71] Williams Layup Shot: Made (7 PTS) Assist: Stevens (2 AST),31,33,2,0,5,1,,1611661329,1628931,71,81,1628922,1611661329,4500000,4
460,08:34,[CON 73-81] Bonner Layup Shot: Made (13 PTS),41,28,2,0,5,1,,1611661323,201886,73,81,,1611661323,4520000,4
461,08:22,[CON] Hiedeman Foul: Personal (4 PF),117,118,0,0,1,6,1628931,1611661323,1629567,73,81,,1611661329,4530000,4
463,08:22,[CON] Hiedeman Substitution replaced by Thomas,0,-80,0,0,0,8,,1611661323,1629567,73,81,202662,1611661329,4550000,4
465,08:15,[CHI] Copper 3pt Shot: Missed,-231,-18,3,0,1,2,,1611661329,1627674,73,81,,1611661329,4570000,4
466,08:11,[CON] Charles Rebound (Off:1 Def:1),-231,-18,0,0,0,4,,1611661323,1630097,73,81,,1611661329,4580000,4
467,08:02,[CON] Charles Turnover : Bad Pass (1 TO) Steal:Stevens (2 ST),-17,290,1,0,1,5,1628922,1611661323,1630097,73,81,,1611661323,4590000,4
469,07:49,[CHI] Stevens Jump Shot: Missed,195,-1,2,0,1,2,,1611661329,1628922,73,81,,1611661329,4610000,4
470,07:49,[CON] Team Rebound,195,-1,0,0,0,4,,1611661323,0,73,81,,1611661329,4620000,4
471,07:38,[CON 76-81] Thomas 3pt Shot: Made (20 PTS) Assist: Thomas (5 AST),-90,231,3,0,1,1,,1611661323,202662,76,81,203826,1611661323,4630000,4
473,07:27,[CHI] Stevens Turnover : Lost Ball (2 TO) Steal:Thomas (1 ST),50,68,1,0,2,5,203826,1611661329,1628922,76,81,,1611661329,4650000,4
475,07:27,[CHI] Stevens Foul: Personal (4 PF),-6,656,0,0,1,6,203826,1611661329,1628922,76,81,,1611661323,4670000,4
477,07:27,[CHI] Stevens Substitution replaced by Parker,0,-80,0,0,0,8,,1611661329,1628922,76,81,204323,1611661323,4690000,4
479,07:15,[CON] Thomas Jump Shot: Missed,5,107,2,0,1,2,,1611661323,203826,76,81,,1611661323,4710000,4
480,07:13,[CHI] Copper Rebound (Off:0 Def:5),5,107,0,0,0,4,,1611661329,1627674,76,81,,1611661323,4720000,4
481,06:59,[CON] Thomas Foul: Shooting (3 PF) (2 FTA),-8,69,0,0,2,6,204323,1611661323,203826,76,81,,1611661329,4730000,4
483,06:59,[CHI 82-76] Parker Free Throw 1 of 2 (11 PTS),0,-80,1,0,11,3,,1611661329,204323,76,82,,1611661329,4750000,4
484,06:59,[CHI 83-76] Parker Free Throw 2 of 2 (12 PTS),0,-80,1,0,12,3,,1611661329,204323,76,83,,1611661329,4760000,4
485,06:36,[CON 78-83] Bonner Pullup Jump shot: Made (15 PTS),-9,185,2,0,79,1,,1611661323,201886,78,83,,1611661323,4770000,4
486,06:18,[CHI 85-78] Parker Layup Shot: Made (14 PTS),29,32,2,0,5,1,,1611661329,204323,78,85,,1611661329,4780000,4
488,06:00,[CON] Bonner Layup Shot: Missed,41,26,2,0,5,2,,1611661323,201886,78,85,,1611661323,4800000,4
489,05:58,[CHI] Parker Rebound (Off:1 Def:2),41,26,0,0,0,4,,1611661329,204323,78,85,,1611661323,4810000,4
490,05:46,[CHI] DeShields Turnover : Out of Bounds - Bad Pass Turnover (6 TO),-110,228,0,0,45,5,,1611661329,1628890,78,85,,1611661329,4820000,4
491,05:46,Stoppage: Out-of-Bounds,0,-80,0,0,3,20,,0,0,78,85,,1611661323,4830000,4
492,05:46,[CON] Team Timeout : Regular,0,-80,0,0,1,9,,1611661323,1611661323,78,85,,1611661323,4840000,4
493,05:46,[CHI] DeShields Substitution replaced by Quigley,0,-80,0,0,0,8,,1611661329,1628890,78,85,201516,1611661323,4850000,4
495,05:37,[CON 80-85] Thomas Layup Shot: Made (11 PTS) Assist: Thomas (4 AST),35,34,2,0,5,1,,1611661323,203826,80,85,202662,1611661323,4870000,4
497,05:14,[CHI] Quigley Jump Shot: Missed,45,91,2,0,1,2,,1611661329,201516,80,85,,1611661329,4890000,4
498,05:12,[CHI] Quigley Rebound (Off:1 Def:2),45,91,1,0,0,4,,1611661329,201516,80,85,,1611661329,4900000,4
499,05:12,[CON] Thomas Foul: Shooting (4 PF) (2 FTA),39,33,0,0,2,6,1628931,1611661323,203826,80,85,,1611661329,4910000,4
501,05:12,Stoppage: Injury,0,-80,0,0,2,20,,0,0,80,85,,1611661329,4930000,4
502,05:12,[CHI 86-80] Williams Free Throw 1 of 2 (8 PTS),0,-80,1,0,11,3,,1611661329,1628931,80,86,,1611661329,4940000,4
503,05:12,[CHI 87-80] Williams Free Throw 2 of 2 (9 PTS),0,-80,1,0,12,3,,1611661329,1628931,80,87,,1611661329,4950000,4
504,04:57,[CON 82-87] Holmes Layup Shot: Made (11 PTS) Assist: Thomas (5 AST),31,32,2,0,5,1,,1611661323,1627678,82,87,202662,1611661323,4960000,4
506,04:57,[CHI] Copper Foul: Shooting (3 PF) (1 FTA),31,32,0,0,2,6,1627678,1611661329,1627674,82,87,,1611661323,4980000,4
508,04:57,[CON 83-87] Holmes Free Throw 1 of 1 (12 PTS),0,-80,1,0,10,3,,1611661323,1627678,83,87,,1611661323,5000000,4
509,04:49,[CON] Thomas Foul: Personal (5 PF),-120,47,0,0,1,6,204323,1611661323,203826,83,87,,1611661329,5010000,4
511,04:45,[CHI 89-83] Quigley Jump Shot: Made (22 PTS) Assist: Vandersloot (10 AST),68,143,2,0,1,1,,1611661329,201516,83,89,202664,1611661329,5030000,4
513,04:35,[CON] Thomas Turnover : Lost Ball (7 TO) Steal:Williams (2 ST),-121,252,1,0,2,5,1628931,1611661323,202662,83,89,,1611661323,5050000,4
515,04:32,Stoppage: Out-of-Bounds,0,-80,0,0,3,20,,0,0,83,89,,1611661329,5070000,4
516,04:14,[CHI] Williams Turnover : Bad Pass (2 TO) Steal:Thomas (4 ST),-82,219,1,0,1,5,202662,1611661329,1628931,83,89,,1611661329,5080000,4
519,04:10,[CON] Holmes Layup Shot: Missed,38,18,2,0,5,2,,1611661323,1627678,83,89,,1611661323,5110000,4
520,04:07,[CHI] Williams Rebound (Off:1 Def:2),38,18,0,0,0,4,,1611661329,1628931,83,89,,1611661323,5120000,4
524,03:59,[CON] Holmes Substitution replaced by Jones,0,-80,0,0,0,8,,1611661323,1627678,83,89,1628280,1611661329,5125000,4
521,03:59,[CHI 91-83] Parker Layup Shot: Made (16 PTS) Assist: Vandersloot (11 AST),35,72,2,0,5,1,,1611661329,204323,83,91,202664,1611661329,5130000,4
523,03:58,[CON] Team Timeout : Regular,0,-80,0,0,1,9,,1611661323,1611661323,83,91,,1611661323,5150000,4
526,03:49,[CON 85-91] Jones Layup Shot: Made (11 PTS) Assist: Thomas (6 AST),13,37,2,0,5,1,,1611661323,1628280,85,91,202662,1611661323,5180000,4
528,03:38,[CON] Jones Foul: Personal (4 PF) (2 FTA),108,95,1,0,1,6,204323,1611661323,1628280,85,91,,1611661329,5200000,4
530,03:38,[CHI 92-85] Parker Free Throw 1 of 2 (17 PTS),0,-80,1,0,11,3,,1611661329,204323,85,92,,1611661329,5220000,4
531,03:38,[CHI 93-85] Parker Free Throw 2 of 2 (18 PTS),0,-80,1,0,12,3,,1611661329,204323,85,93,,1611661329,5230000,4
532,03:27,[CON] Thomas Jump Shot: Missed,-131,129,2,0,1,2,,1611661323,202662,85,93,,1611661323,5240000,4
533,03:27,[CHI] Williams Rebound (Off:1 Def:3),-131,129,0,0,0,4,,1611661329,1628931,85,93,,1611661323,5250000,4
534,03:09,[CHI] Quigley Turnover : Bad Pass (1 TO),-164,183,0,0,1,5,,1611661329,201516,85,93,,1611661329,5260000,4
535,02:58,[CON] Thomas Jump Shot: Missed,14,76,2,0,1,2,,1611661323,203826,85,93,,1611661323,5270000,4
536,02:55,[CHI] Parker Rebound (Off:1 Def:3),14,76,0,0,0,4,,1611661329,204323,85,93,,1611661323,5280000,4
537,02:47,[CON] Bonner Foul: Personal (2 PF) (2 FTA),50,257,1,0,1,6,204323,1611661323,201886,85,93,,1611661329,5290000,4
539,02:47,[CHI 94-85] Parker Free Throw 1 of 2 (19 PTS),0,-80,1,0,11,3,,1611661329,204323,85,94,,1611661329,5310000,4
540,02:47,[CHI 95-85] Parker Free Throw 2 of 2 (20 PTS),0,-80,1,0,12,3,,1611661329,204323,85,95,,1611661329,5320000,4
541,02:36,[CON 87-95] Thomas Jump Shot: Made (22 PTS),-54,119,2,0,1,1,,1611661323,202662,87,95,,1611661323,5330000,4
542,02:25,[CHI] Vandersloot Turnover : Lost Ball (4 TO) Steal:Thomas (5 ST),-60,167,1,0,2,5,202662,1611661329,202664,87,95,,1611661329,5340000,4
544,02:19,[CON] Bonner Turnover : Out of Bounds Lost Ball Turnover (1 TO),-210,130,0,0,40,5,,1611661323,201886,87,95,,1611661323,5360000,4
545,02:19,Stoppage: Out-of-Bounds,0,-80,0,0,3,20,,0,0,87,95,,1611661329,5370000,4
546,02:03,[CON] Thomas Foul: Shooting (2 PF) (2 FTA),25,16,1,0,2,6,202664,1611661323,202662,87,95,,1611661329,5380000,4
548,02:03,[CHI 96-87] Vandersloot Free Throw 1 of 2 (8 PTS),0,-80,1,0,11,3,,1611661329,202664,87,96,,1611661329,5400000,4
549,02:03,[CHI 97-87] Vandersloot Free Throw 2 of 2 (9 PTS),0,-80,1,0,12,3,,1611661329,202664,87,97,,1611661329,5410000,4
550,01:53,[CON] Thomas 3pt Shot: Missed,3,252,3,0,1,2,,1611661323,202662,87,97,,1611661323,5420000,4
551,01:51,[CHI] Copper Rebound (Off:0 Def:6),3,252,0,0,0,4,,1611661329,1627674,87,97,,1611661323,5430000,4
552,01:40,[CHI] Quigley Turnover : Lost Ball (2 TO) Steal:Charles (1 ST),-147,30,1,0,2,5,1630097,1611661329,201516,87,97,,1611661329,5440000,4
554,01:36,[CHI] Williams Foul: Shooting (1 PF) (2 FTA),46,13,0,0,2,6,1630097,1611661329,1628931,87,97,,1611661323,5460000,4
556,01:36,[CON] Jones Substitution replaced by Mompremier,0,-80,0,0,0,8,,1611661323,1628280,87,97,1629492,1611661323,5480000,4
557,01:36,[CHI] Quigley Substitution replaced by DeShields,0,-80,0,0,0,8,,1611661329,201516,87,97,1628890,1611661323,5490000,4
560,01:36,[CON 88-97] Charles Free Throw 1 of 2 (14 PTS),0,-80,1,0,11,3,,1611661323,1630097,88,97,,1611661323,5520000,4
561,01:36,[CON 89-97] Charles Free Throw 2 of 2 (15 PTS),0,-80,1,0,12,3,,1611661323,1630097,89,97,,1611661323,5530000,4
562,01:25,[CHI] Vandersloot 3pt Shot: Missed,-109,230,3,0,1,2,,1611661329,202664,89,97,,1611661329,5540000,4
563,01:20,[CON] Bonner Rebound (Off:0 Def:5),-109,230,0,0,0,4,,1611661323,201886,89,97,,1611661329,5550000,4
564,01:14,[CON] Bonner Turnover : Out of Bounds Lost Ball Turnover (2 TO),85,92,0,0,40,5,,1611661323,201886,89,97,,1611661323,5560000,4
565,01:14,Stoppage: Out-of-Bounds,0,-80,0,0,3,20,,0,0,89,97,,1611661329,5570000,4
566,01:14,[CHI] Parker Substitution replaced by Hebard,0,-80,0,0,0,8,,1611661329,204323,89,97,1630113,1611661329,5580000,4
568,01:01,[CHI] Williams 3pt Shot: Missed,-232,0,3,0,1,2,,1611661329,1628931,89,97,,1611661329,5600000,4
569,00:58.0,[CHI] Copper Rebound (Off:1 Def:6),-232,0,1,0,0,4,,1611661329,1627674,89,97,,1611661329,5610000,4
570,00:50.9,[CHI 99-89] Copper Layup Shot: Made (16 PTS),43,22,2,0,5,1,,1611661329,1627674,89,99,,1611661329,5620000,4
571,00:50.9,[CON] Charles Foul: Shooting (5 PF) (1 FTA),43,22,1,0,2,6,1627674,1611661323,1630097,89,99,,1611661329,5630000,4
573,00:50.9,[CON] Bonner Substitution replaced by Holmes,0,-80,0,0,0,8,,1611661323,201886,89,99,1627678,1611661323,5650000,4
574,00:50.9,[CON] Thomas Substitution replaced by Plaisance,0,-80,0,0,0,8,,1611661323,203826,89,99,203849,1611661323,5660000,4
577,00:50.9,[CHI] Vandersloot Substitution replaced by Johnson,0,-80,0,0,0,8,,1611661329,202664,89,99,1630118,1611661323,5690000,4
579,00:50.9,[CHI 100-89] Copper Free Throw 1 of 1 (17 PTS),0,-80,1,0,10,3,,1611661329,1627674,89,100,,1611661329,5710000,4
580,00:36.2,[CON 91-100] Mompremier Layup Shot: Made (2 PTS) Assist: Charles (1 AST),-24,29,2,0,5,1,,1611661323,1629492,91,100,1630097,1611661323,5720000,4
582,00:24.0,[CHI] DeShields Turnover : Out of Bounds Lost Ball Turnover (7 TO),207,658,0,0,40,5,,1611661329,1628890,91,100,,1611661329,5740000,4
583,00:24.0,Stoppage: Out-of-Bounds,0,-80,0,0,3,20,,0,0,91,100,,1611661323,5750000,4
584,00:24.0,[CON] Thomas Substitution replaced by Gemelos,0,-80,0,0,0,8,,1611661323,202662,91,100,203043,1611661323,5760000,4
586,00:17.8,[CON 93-100] Plaisance Layup Shot: Made (2 PTS) Assist: Holmes (2 AST),39,34,2,0,5,1,,1611661323,203849,93,100,1627678,1611661323,5780000,4
588,00:00.0,End Period,0,-80,0,0,0,13,,0,0,93,100,,1611661329,5800000,4
589,00:00.0,Game End,0,-80,0,0,0,0,,0,0,93,100,,0,5810000,4
