evt,wallclk,cl,de,locX,locY,opt1,opt2,opt3,opt4,mtype,etype,opid,tid,pid,hs,vs,epid,oftid,ord,pts,period
2,2024-09-17T23:02:58.0000000+00:00,10:00,Start Period,0,-80,0,0,0,0,0,12,,0,0,0,0,,0,20000,0,1
4,2024-09-17T23:03:01.5000000+00:00,09:55,Jump Ball Jones vs Collier (Harris gains possession),0,-80,0,0,0,0,0,10,1629483,1611661323,1628280,0,0,1630112,1611661323,60000,0,1
7,2024-09-17T23:03:21.7000000+00:00,09:35,[CON] Thomas Driving Reverse Layup Shot: Missed,-1,35,2,0,0,0,73,2,,1611661323,203826,0,0,,1611661323,70000,0,1
8,2024-09-17T23:03:22.7000000+00:00,09:34,[MIN] Collier Rebound (Off:0 Def:1),-1,35,0,0,0,0,0,4,,1611661324,1629483,0,0,,1611661323,80000,0,1
9,2024-09-17T23:03:28.2000000+00:00,09:29,[MIN 3-0] Carleton 3pt Shot: Made (3 PTS) Assist: Williams (1 AST),-149,202,3,1,0,0,2,1,,1611661324,1629524,0,3,1627675,1611661324,90000,3,1
11,2024-09-17T23:03:54.3000000+00:00,09:04,[CON 2-3] Thomas Driving Layup Shot: Made (2 PTS) Assist: Harris (1 AST),-70,18,2,0,0,0,6,1,,1611661323,203826,2,3,1630112,1611661323,110000,2,1
13,2024-09-17T23:04:14.5000000+00:00,08:43,[MIN] Collier Turnover : Lost Ball (1 TO) Steal:Thomas (1 ST),-100,13,1,0,0,0,2,5,203826,1611661324,1629483,2,3,,1611661324,130000,0,1
15,2024-09-17T23:04:20.3000000+00:00,08:39,[CON] Thomas Turnover : Out of Bounds - Bad Pass Turnover (1 TO),4,247,0,0,0,0,45,5,,1611661323,203826,2,3,101044,1611661323,150000,0,1
16,2024-09-17T23:04:49.4000000+00:00,08:18,[MIN 5-2] Collier Cutting Layup Shot: Made (2 PTS) Assist: Smith (1 AST),-73,25,2,0,0,0,98,1,,1611661324,1629483,2,5,1629501,1611661324,160000,2,1
18,2024-09-17T23:05:00.8000000+00:00,08:05,[CON] Carrington 3pt Shot: Missed,141,209,3,0,0,0,1,2,,1611661323,1630096,2,5,,1611661323,180000,0,1
19,2024-09-17T23:05:01.8000000+00:00,08:04,[MIN] McBride Rebound (Off:0 Def:1),141,209,0,0,0,0,0,4,,1611661324,203825,2,5,,1611661323,190000,0,1
20,2024-09-17T23:05:17.7000000+00:00,07:48,[MIN 7-2] Collier Turnaround Fadeaway shot: Made (4 PTS),-96,8,2,0,0,0,86,1,,1611661324,1629483,2,7,,1611661324,200000,2,1
22,2024-09-17T23:05:29.9000000+00:00,07:36,[CON] Carrington Turnover : Bad Pass (1 TO) Steal:Smith (1 ST),166,212,1,0,0,0,1,5,1629501,1611661323,1630096,2,7,,1611661323,220000,0,1
24,2024-09-17T23:05:43.1000000+00:00,07:28,[CON] Bonner Foul: Personal (1 PF),78,33,0,0,0,0,1,6,1629483,1611661323,201886,2,7,1629176,1611661324,240000,0,1
26,2024-09-17T23:06:06.4000000+00:00,07:20,[MIN 9-2] Collier Jump Shot: Made (6 PTS) Assist: Williams (2 AST),-82,30,2,0,0,0,1,1,,1611661324,1629483,2,9,1627675,1611661324,260000,2,1
28,2024-09-17T23:06:18.9000000+00:00,07:05,[CON 5-9] Harris 3pt Shot: Made (3 PTS) Assist: Thomas (1 AST),-183,163,3,0,0,0,1,1,,1611661323,1630112,5,9,203826,1611661323,280000,3,1
30,2024-09-17T23:06:36.9000000+00:00,06:48,[MIN] Smith Turnover : Bad Pass (1 TO) Steal:Carrington (1 ST),-107,118,1,0,0,0,1,5,1630096,1611661324,1629501,5,9,,1611661324,300000,0,1
32,2024-09-17T23:06:40.3000000+00:00,06:45,[CON 7-9] Carrington Running Layup Shot: Made (2 PTS),26,23,2,1,0,0,41,1,,1611661323,1630096,7,9,,1611661323,320000,2,1
33,2024-09-17T23:07:05.9000000+00:00,06:18,[MIN 11-7] Carleton Pullup Jump shot: Made (5 PTS) Assist: Williams (3 AST),-166,5,2,0,0,0,79,1,,1611661324,1629524,7,11,1627675,1611661324,330000,2,1
35,2024-09-17T23:07:20.3000000+00:00,06:04,[CON] Harris Turnover : Bad Pass (1 TO) Steal:Smith (2 ST),141,221,1,0,0,0,1,5,1629501,1611661323,1630112,7,11,,1611661323,350000,0,1
37,2024-09-17T23:07:25.5000000+00:00,06:00,[MIN] Carleton Running Layup Shot: Missed,-50,9,2,1,0,0,41,2,,1611661324,1629524,7,11,,1611661324,370000,0,1
38,2024-09-17T23:07:26.5000000+00:00,05:59,[MIN] Smith Rebound (Off:1 Def:0),-50,9,1,0,0,0,0,4,,1611661324,1629501,7,11,,1611661324,380000,0,1
39,2024-09-17T23:07:29.8000000+00:00,05:55,[MIN] McBride 3pt Shot: Missed,188,165,3,0,0,0,1,2,,1611661324,203825,7,11,,1611661324,390000,0,1
40,2024-09-17T23:07:31.8000000+00:00,05:53,[CON] Harris Rebound (Off:0 Def:1),188,165,0,0,0,0,0,4,,1611661323,1630112,7,11,,1611661324,400000,0,1
41,2024-09-17T23:07:43.3000000+00:00,05:44,[CON] Jones Driving Layup Shot: Missed Block: Collier (1 BLK),-49,24,2,0,0,0,6,2,1629483,1611661323,1628280,7,11,,1611661323,410000,0,1
43,2024-09-17T23:07:44.3000000+00:00,05:43,[MIN] Collier Rebound (Off:0 Def:2),-49,24,0,0,0,0,0,4,,1611661324,1629483,7,11,,1611661323,430000,0,1
108,2024-09-17T23:07:47.1000000+00:00,05:42,[MIN] Collier Turnover : Lost Ball (2 TO) Steal:Jones (1 ST),40,813,1,0,0,0,2,5,1628280,1611661324,1629483,7,11,,1611661324,435000,0,1
44,2024-09-17T23:07:51.0000000+00:00,05:33,[CON 9-11] Jones Layup Shot: Made (2 PTS),0,-5,2,0,0,0,5,1,,1611661323,1628280,9,11,,1611661323,440000,2,1
45,2024-09-17T23:08:02.7000000+00:00,05:26,[MIN] Williams Pullup Jump shot: Missed Block: Bonner (1 BLK),10,102,2,0,0,0,79,2,201886,1611661324,1627675,9,11,,1611661324,450000,0,1
47,2024-09-17T23:08:04.7000000+00:00,05:24,[CON] Harris Rebound (Off:0 Def:2),10,102,0,0,0,0,0,4,,1611661323,1630112,9,11,,1611661324,470000,0,1
48,2024-09-17T23:08:12.3000000+00:00,05:13,[CON] Harris Pullup Jump shot: Missed,-111,146,2,0,0,0,79,2,,1611661323,1630112,9,11,,1611661323,480000,0,1
49,2024-09-17T23:08:14.3000000+00:00,05:11,[MIN] Carleton Rebound (Off:0 Def:1),-111,146,0,0,0,0,0,4,,1611661324,1629524,9,11,,1611661323,490000,0,1
50,2024-09-17T23:08:22.3000000+00:00,05:02,[MIN 13-9] Williams Pullup Jump shot: Made (2 PTS),32,209,2,0,0,0,79,1,,1611661324,1627675,9,13,,1611661324,500000,2,1
51,2024-09-17T23:08:47.3000000+00:00,04:45,Stoppage: Out-of-Bounds,0,-80,0,0,0,0,3,20,,0,0,9,13,,1611661323,510000,0,1
52,2024-09-17T23:08:49.9000000+00:00,04:45,Timeout : Official,0,-80,0,0,0,0,4,9,,0,0,9,13,,1611661323,520000,0,1
53,2024-09-17T23:11:14.8000000+00:00,04:45,[CON] Harris Substitution replaced by Mabrey,0,-80,0,0,0,0,0,8,,1611661323,1630112,9,13,1629497,1611661323,530000,0,1
55,2024-09-17T23:11:54.0000000+00:00,04:41,[CON] Mabrey Driving Layup Shot: Missed,71,18,2,0,0,0,6,2,,1611661323,1629497,9,13,,1611661323,550000,0,1
56,2024-09-17T23:11:54.0000000+00:00,04:41,[CON] Thomas Rebound (Off:1 Def:0),71,18,1,0,0,0,0,4,,1611661323,203826,9,13,,1611661323,560000,0,1
57,2024-09-17T23:11:58.2000000+00:00,04:37,[CON 11-13] Carrington Driving Finger Roll Layup Shot: Made (4 PTS) Assist: Thomas (2 AST),10,39,2,0,0,0,75,1,,1611661323,1630096,11,13,203826,1611661323,570000,2,1
58,2024-09-17T23:12:14.8000000+00:00,04:20,[MIN 15-11] Collier Jump Shot: Made (8 PTS),-79,148,2,0,0,0,1,1,,1611661324,1629483,11,15,,1611661324,580000,2,1
59,2024-09-17T23:12:28.6000000+00:00,04:08,[CON] Mabrey 3pt Shot: Missed,190,164,3,0,0,0,1,2,,1611661323,1629497,11,15,,1611661323,590000,0,1
60,2024-09-17T23:12:30.6000000+00:00,04:06,[MIN] Williams Rebound (Off:0 Def:1),190,164,0,0,0,0,0,4,,1611661324,1627675,11,15,,1611661323,600000,0,1
61,2024-09-17T23:12:53.4000000+00:00,03:42,[MIN] McBride Pullup Jump shot: Missed,140,158,2,0,0,0,79,2,,1611661324,203825,11,15,,1611661324,610000,0,1
62,2024-09-17T23:12:54.4000000+00:00,03:41,[MIN] McBride Rebound (Off:1 Def:1),140,158,1,0,0,0,0,4,,1611661324,203825,11,15,,1611661324,620000,0,1
63,2024-09-17T23:12:58.9000000+00:00,03:37,[MIN] Collier 3pt Shot: Missed,179,182,3,0,0,0,1,2,,1611661324,1629483,11,15,,1611661324,630000,0,1
64,2024-09-17T23:12:58.9000000+00:00,03:37,[CON] Team Rebound,179,182,0,0,0,0,0,4,,1611661323,0,11,15,,1611661324,640000,0,1
65,2024-09-17T23:13:03.3000000+00:00,03:37,Stoppage: Out-of-Bounds,0,-80,0,0,0,0,3,20,,0,0,11,15,,1611661323,650000,0,1
66,2024-09-17T23:13:25.4000000+00:00,03:21,[CON] Mabrey Driving Floating Jump Shot: Missed,-31,50,2,0,0,0,101,2,,1611661323,1629497,11,15,,1611661323,660000,0,1
67,2024-09-17T23:13:27.4000000+00:00,03:19,[CON] Jones Rebound (Off:1 Def:0),-31,50,1,0,0,0,0,4,,1611661323,1628280,11,15,,1611661323,670000,0,1
68,2024-09-17T23:13:36.3000000+00:00,03:10,[CON] Bonner 3pt Shot: Missed,223,28,3,0,0,0,1,2,,1611661323,201886,11,15,,1611661323,680000,0,1
69,2024-09-17T23:13:38.3000000+00:00,03:08,[MIN] Williams Rebound (Off:0 Def:2),223,28,0,0,0,0,0,4,,1611661324,1627675,11,15,,1611661323,690000,0,1
70,2024-09-17T23:13:47.1000000+00:00,03:01,[MIN] Collier Layup Shot: Missed Block: Mabrey (1 BLK),31,22,2,0,0,0,5,2,1629497,1611661324,1629483,11,15,,1611661324,700000,0,1
72,2024-09-17T23:13:47.1000000+00:00,03:01,[MIN] Team Rebound,31,22,1,0,0,0,0,4,,1611661324,0,11,15,,1611661324,720000,0,1
73,2024-09-17T23:13:51.5000000+00:00,03:01,Stoppage: Out-of-Bounds,0,-80,0,0,0,0,3,20,,0,0,11,15,,1611661324,730000,0,1
74,2024-09-17T23:14:07.2000000+00:00,02:58,[MIN] McBride Cutting Layup Shot: Missed,26,10,2,0,0,0,98,2,,1611661324,203825,11,15,,1611661324,740000,0,1
75,2024-09-17T23:14:08.2000000+00:00,02:57,[CON] Jones Rebound (Off:1 Def:1),26,10,0,0,0,0,0,4,,1611661323,1628280,11,15,,1611661324,750000,0,1
76,2024-09-17T23:14:21.3000000+00:00,02:44,[CON 14-15] Mabrey 3pt Shot: Made (3 PTS) Assist: Carrington (1 AST),217,144,3,0,0,0,1,1,,1611661323,1629497,14,15,1630096,1611661323,760000,3,1
78,2024-09-17T23:14:41.3000000+00:00,02:23,[MIN] Williams Fadeaway Jump Shot: Missed,99,122,2,0,0,0,63,2,,1611661324,1627675,14,15,,1611661324,780000,0,1
79,2024-09-17T23:14:44.3000000+00:00,02:20,[CON] Mabrey Rebound (Off:0 Def:1),99,122,0,0,0,0,0,4,,1611661323,1629497,14,15,,1611661324,790000,0,1
80,2024-09-17T23:14:48.7000000+00:00,02:15,[CON] Mabrey 3pt Shot: Missed,33,255,3,0,0,0,79,2,,1611661323,1629497,14,15,,1611661323,800000,0,1
81,2024-09-17T23:14:49.7000000+00:00,02:14,[CON] Jones Rebound (Off:2 Def:1),33,255,1,0,0,0,0,4,,1611661323,1628280,14,15,,1611661323,810000,0,1
82,2024-09-17T23:14:53.4000000+00:00,02:13,[CON 16-15] Jones Putback Layup Shot: Made (4 PTS),0,-5,2,0,0,0,72,1,,1611661323,1628280,16,15,,1611661323,820000,2,1
83,2024-09-17T23:15:04.5000000+00:00,02:02,[MIN] McBride Cutting Layup Shot: Missed,-50,33,2,0,0,0,98,2,,1611661324,203825,16,15,,1611661324,830000,0,1
84,2024-09-17T23:15:06.5000000+00:00,02:00,[CON] Thomas Rebound (Off:1 Def:1),-50,33,0,0,0,0,0,4,,1611661323,203826,16,15,,1611661324,840000,0,1
85,2024-09-17T23:15:08.8000000+00:00,01:55,[CON 18-15] Carrington Running Layup Shot: Made (6 PTS) Assist: Thomas (3 AST),35,26,2,1,0,0,41,1,,1611661323,1630096,18,15,203826,1611661323,850000,2,1
87,2024-09-17T23:15:26.2000000+00:00,01:39,[MIN] Williams Turnover : Bad Pass (1 TO) Steal:Mabrey (1 ST),94,236,1,0,0,0,1,5,1629497,1611661324,1627675,18,15,,1611661324,870000,0,1
89,2024-09-17T23:15:30.0000000+00:00,01:35,[CON 20-15] Bonner Running Layup Shot: Made (2 PTS) Assist: Mabrey (1 AST),22,15,2,1,0,0,41,1,,1611661323,201886,20,15,1629497,1611661323,890000,2,1
91,2024-09-17T23:15:42.3000000+00:00,01:23,[MIN] Carleton Turnover : Bad Pass (1 TO) Steal:Jones (2 ST),-11,240,1,0,0,0,1,5,1628280,1611661324,1629524,20,15,,1611661324,910000,0,1
93,2024-09-17T23:15:50.8000000+00:00,01:16,[CON] Jones Driving Finger Roll Layup Shot: Missed Block: Collier (2 BLK),36,1,2,0,0,0,75,2,1629483,1611661323,1628280,20,15,,1611661323,930000,0,1
95,2024-09-17T23:15:51.8000000+00:00,01:15,[MIN] Williams Rebound (Off:0 Def:3),36,1,0,0,0,0,0,4,,1611661324,1627675,20,15,,1611661323,950000,0,1
96,2024-09-17T23:16:00.3000000+00:00,01:04,[MIN 17-20] Smith Cutting Layup Shot: Made (2 PTS) Assist: Williams (4 AST),-47,11,2,0,0,0,98,1,,1611661324,1629501,20,17,1627675,1611661324,960000,2,1
98,2024-09-17T23:16:18.9000000+00:00,00:45.5,[CON] Mabrey 3pt Shot: Missed,-171,220,3,0,0,0,1,2,,1611661323,1629497,20,17,,1611661323,980000,0,1
99,2024-09-17T23:16:20.8000000+00:00,00:43.6,[MIN] Smith Rebound (Off:1 Def:1),-171,220,0,0,0,0,0,4,,1611661324,1629501,20,17,,1611661323,990000,0,1
100,2024-09-17T23:16:35.9000000+00:00,00:29.6,[MIN 19-20] McBride Driving Layup Shot: Made (2 PTS) Assist: Smith (2 AST),-44,24,2,0,0,0,6,1,,1611661324,203825,20,19,1629501,1611661324,1000000,2,1
102,2024-09-17T23:16:59.3000000+00:00,00:09.3,[CON 22-19] Thomas Jump Bank Shot: Made (4 PTS) Assist: Mabrey (2 AST),21,92,2,0,0,0,66,1,,1611661323,203826,22,19,1629497,1611661323,1020000,2,1
104,2024-09-17T23:17:12.2000000+00:00,00:00.9,[MIN 22-22] McBride 3pt Shot: Made (5 PTS) Assist: Williams (5 AST),-144,197,3,0,0,0,1,1,,1611661324,203825,22,22,1627675,1611661324,1040000,3,1
106,2024-09-17T23:17:15.8000000+00:00,00:00.0,InstantReplay Request Stands,0,-80,0,0,0,0,3,18,,0,0,22,22,,1611661323,1060000,0,1
107,2024-09-17T23:18:13.3000000+00:00,00:00.0,End Period,0,-80,0,0,0,0,0,13,,0,0,22,22,,1611661323,1070000,0,1
119,2024-09-17T23:20:41.1000000+00:00,10:00,Start Period,0,-80,0,0,0,0,0,12,,0,0,22,22,,1611661324,1160000,0,2
120,2024-09-17T23:20:56.9000000+00:00,09:44,[MIN] Carleton Layup Shot: Missed Block: Mabrey (2 BLK),53,28,2,0,0,0,5,2,1629497,1611661324,1629524,22,22,,1611661324,1170000,0,2
122,2024-09-17T23:20:56.9000000+00:00,09:44,[MIN] Carleton Rebound (Off:1 Def:1),53,28,1,0,0,0,0,4,,1611661324,1629524,22,22,,1611661324,1190000,0,2
123,2024-09-17T23:21:01.7000000+00:00,09:44,[CON] Mabrey Foul: Shooting (1 PF) (2 FTA),49,40,0,0,2,0,2,6,1629524,1611661323,1629497,22,22,201538,1611661324,1200000,0,2
125,2024-09-17T23:21:18.0000000+00:00,09:44,[MIN 23-22] Carleton Free Throw 1 of 2 (6 PTS),0,-80,1,0,1,0,11,3,,1611661324,1629524,22,23,,1611661324,1220000,1,2
126,2024-09-17T23:21:29.4000000+00:00,09:44,[MIN 24-22] Carleton Free Throw 2 of 2 (7 PTS),0,-80,1,0,1,0,12,3,,1611661324,1629524,22,24,,1611661324,1230000,1,2
127,2024-09-17T23:21:52.0000000+00:00,09:26,[CON] Thomas Foul: Offensive Charge (1 PF),18,166,0,0,0,0,26,6,1629524,1611661323,203826,22,24,101044,1611661323,1240000,0,2
129,2024-09-17T23:21:52.0000000+00:00,09:26,[CON] Thomas Turnover : Offensive Foul Turnover (2 TO),18,166,0,0,0,0,37,5,,1611661323,203826,22,24,101044,1611661323,1260000,0,2
130,2024-09-17T23:22:34.0000000+00:00,09:03,[MIN 26-22] Hines-Allen Layup Shot: Made (2 PTS) Assist: Carleton (1 AST),-5,36,2,0,0,0,5,1,,1611661324,1628899,22,26,1629524,1611661324,1270000,2,2
132,2024-09-17T23:22:56.7000000+00:00,08:41,[CON 24-26] Thomas Cutting Layup Shot: Made (6 PTS) Assist: Bonner (1 AST),-6,35,2,0,0,0,98,1,,1611661323,203826,24,26,201886,1611661323,1290000,2,2
134,2024-09-17T23:23:13.1000000+00:00,08:24,[MIN 28-24] Collier Jump Shot: Made (10 PTS) Assist: Hines-Allen (1 AST),-8,165,2,0,0,0,1,1,,1611661324,1629483,24,28,1628899,1611661324,1310000,2,2
136,2024-09-17T23:23:27.4000000+00:00,08:10,[CON 26-28] Thomas Layup Shot: Made (8 PTS) Assist: Bonner (2 AST),24,24,2,0,0,0,5,1,,1611661323,203826,26,28,201886,1611661323,1330000,2,2
138,2024-09-17T23:23:46.0000000+00:00,07:52,[MIN 30-26] Hines-Allen Driving Layup Shot: Made (4 PTS),24,28,2,0,0,0,6,1,,1611661324,1628899,26,30,,1611661324,1350000,2,2
139,2024-09-17T23:24:06.0000000+00:00,07:34,[MIN] Zandalasini Foul: Shooting (1 PF) (2 FTA),56,44,0,0,2,0,2,6,1630096,1611661324,1628508,26,30,201538,1611661323,1360000,0,2
141,2024-09-17T23:24:33.6000000+00:00,07:34,[CON 27-30] Carrington Free Throw 1 of 2 (7 PTS),0,-80,1,0,1,0,11,3,,1611661323,1630096,27,30,,1611661323,1380000,1,2
142,2024-09-17T23:24:34.4000000+00:00,07:34,[CON] Bonner Substitution replaced by Nelson-Ododa,0,-80,0,0,0,0,0,8,,1611661323,201886,27,30,1631135,1611661323,1390000,0,2
143,2024-09-17T23:24:34.4000000+00:00,07:34,[MIN] Zandalasini Substitution replaced by McBride,0,-80,0,0,0,0,0,8,,1611661324,1628508,27,30,203825,1611661323,1400000,0,2
146,2024-09-17T23:24:52.9000000+00:00,07:34,[CON 28-30] Carrington Free Throw 2 of 2 (8 PTS),0,-80,1,0,1,0,12,3,,1611661323,1630096,28,30,,1611661323,1430000,1,2
147,2024-09-17T23:25:14.6000000+00:00,07:16,Stoppage: Out-of-Bounds,0,-80,0,0,0,0,3,20,,0,0,28,30,,1611661324,1440000,0,2
148,2024-09-17T23:25:18.2000000+00:00,07:16,[CON] Carrington Substitution replaced by Harris,0,-80,0,0,0,0,0,8,,1611661323,1630096,28,30,1630112,1611661324,1450000,0,2
150,2024-09-17T23:25:39.0000000+00:00,07:10,[MIN] Hiedeman Driving Layup Shot: Missed Block: Harris (1 BLK),-63,9,2,0,0,0,6,2,1630112,1611661324,1629567,28,30,,1611661324,1470000,0,2
152,2024-09-17T23:25:40.0000000+00:00,07:09,[CON] Harris Rebound (Off:0 Def:3),-63,9,0,0,0,0,0,4,,1611661323,1630112,28,30,,1611661324,1490000,0,2
153,2024-09-17T23:25:50.6000000+00:00,06:58,[CON] Nelson-Ododa Turnaround Jump Shot: Missed,77,22,2,0,0,0,47,2,,1611661323,1631135,28,30,,1611661323,1500000,0,2
154,2024-09-17T23:25:51.6000000+00:00,06:57,[MIN] Hines-Allen Rebound (Off:0 Def:1),77,22,0,0,0,0,0,4,,1611661324,1628899,28,30,,1611661323,1510000,0,2
155,2024-09-17T23:26:05.1000000+00:00,06:43,[MIN 32-28] Collier Driving Layup Shot: Made (12 PTS) Assist: Hiedeman (1 AST),23,16,2,0,0,0,6,1,,1611661324,1629483,28,32,1629567,1611661324,1520000,2,2
157,2024-09-17T23:26:20.1000000+00:00,06:28,[CON] Harris 3pt Shot: Missed,-217,123,3,0,0,0,1,2,,1611661323,1630112,28,32,,1611661323,1540000,0,2
158,2024-09-17T23:26:21.1000000+00:00,06:27,[MIN] McBride Rebound (Off:1 Def:2),-217,123,0,0,0,0,0,4,,1611661324,203825,28,32,,1611661323,1550000,0,2
159,2024-09-17T23:26:31.4000000+00:00,06:18,[MIN] Collier Cutting Layup Shot: Missed,-5,38,2,0,0,0,98,2,,1611661324,1629483,28,32,,1611661324,1560000,0,2
160,2024-09-17T23:26:32.4000000+00:00,06:17,[CON] Burton Rebound (Off:0 Def:1),-5,38,0,0,0,0,0,4,,1611661323,1631007,28,32,,1611661324,1570000,0,2
161,2024-09-17T23:26:40.9000000+00:00,06:07,[CON 31-32] Mabrey 3pt Shot: Made (6 PTS),-151,238,3,0,0,0,79,1,,1611661323,1629497,31,32,,1611661323,1580000,3,2
162,2024-09-17T23:27:07.8000000+00:00,05:40,[MIN] Hiedeman Driving Layup Shot: Missed,-23,26,2,0,0,0,6,2,,1611661324,1629567,31,32,,1611661324,1590000,0,2
163,2024-09-17T23:27:08.8000000+00:00,05:39,[MIN] Hines-Allen Rebound (Off:1 Def:1),-23,26,1,0,0,0,0,4,,1611661324,1628899,31,32,,1611661324,1600000,0,2
164,2024-09-17T23:27:11.1000000+00:00,05:38,[MIN 34-31] Hines-Allen Putback Layup Shot: Made (6 PTS),17,31,2,0,0,0,72,1,,1611661324,1628899,31,34,,1611661324,1610000,2,2
165,2024-09-17T23:27:31.1000000+00:00,05:17,[CON 33-34] Nelson-Ododa Cutting Layup Shot: Made (2 PTS) Assist: Thomas (4 AST),26,23,2,0,0,0,98,1,,1611661323,1631135,33,34,203826,1611661323,1620000,2,2
167,2024-09-17T23:27:52.0000000+00:00,04:59,[CON] Burton Foul: Shooting (1 PF) (2 FTA),45,22,0,0,2,0,2,6,203825,1611661323,1631007,33,34,1629176,1611661324,1640000,0,2
169,2024-09-17T23:28:07.0000000+00:00,04:59,Timeout : Regular,0,-80,0,0,0,0,1,9,,1611661323,1611661323,33,34,,1611661324,1660000,0,2
170,2024-09-17T23:28:13.9000000+00:00,04:59,[CON] Nelson-Ododa Substitution replaced by Jones,0,-80,0,0,0,0,0,8,,1611661323,1631135,33,34,1628280,1611661324,1670000,0,2
171,2024-09-17T23:28:13.9000000+00:00,04:59,[MIN] Carleton Substitution replaced by Zandalasini,0,-80,0,0,0,0,0,8,,1611661324,1629524,33,34,1628508,1611661324,1680000,0,2
172,2024-09-17T23:28:13.9000000+00:00,04:59,[MIN] Hines-Allen Substitution replaced by Smith,0,-80,0,0,0,0,0,8,,1611661324,1628899,33,34,1629501,1611661324,1690000,0,2
176,2024-09-17T23:31:29.5000000+00:00,04:59,[MIN 35-33] McBride Free Throw 1 of 2 (6 PTS),0,-80,1,0,1,0,11,3,,1611661324,203825,33,35,,1611661324,1730000,1,2
177,2024-09-17T23:31:44.9000000+00:00,04:59,[MIN 36-33] McBride Free Throw 2 of 2 (7 PTS),0,-80,1,0,1,0,12,3,,1611661324,203825,33,36,,1611661324,1740000,1,2
178,2024-09-17T23:32:03.9000000+00:00,04:41,[CON 36-36] Mabrey 3pt Shot: Made (9 PTS),88,236,3,0,0,0,79,1,,1611661323,1629497,36,36,,1611661323,1750000,3,2
179,2024-09-17T23:32:28.5000000+00:00,04:19,[MIN] Zandalasini Driving Layup Shot: Missed Block: Harris (2 BLK),21,65,2,0,0,0,6,2,1630112,1611661324,1628508,36,36,,1611661324,1760000,0,2
181,2024-09-17T23:32:30.5000000+00:00,04:17,[CON] Harris Rebound (Off:0 Def:4),21,65,0,0,0,0,0,4,,1611661323,1630112,36,36,,1611661324,1780000,0,2
182,2024-09-17T23:32:39.5000000+00:00,04:08,[CON] Harris Turnover : Out of Bounds - Bad Pass Turnover (2 TO),-187,188,0,0,0,0,45,5,,1611661323,1630112,36,36,101044,1611661323,1790000,0,2
183,2024-09-17T23:32:42.3000000+00:00,04:08,[CON] Burton Substitution replaced by Carrington,0,-80,0,0,0,0,0,8,,1611661323,1631007,36,36,1630096,1611661324,1800000,0,2
184,2024-09-17T23:32:42.3000000+00:00,04:08,[MIN] Hiedeman Substitution replaced by Williams,0,-80,0,0,0,0,0,8,,1611661324,1629567,36,36,1627675,1611661324,1810000,0,2
187,2024-09-17T23:33:20.5000000+00:00,03:45,[MIN 38-36] Smith Cutting Layup Shot: Made (4 PTS) Assist: Williams (6 AST),-2,25,2,0,0,0,98,1,,1611661324,1629501,36,38,1627675,1611661324,1840000,2,2
189,2024-09-17T23:33:35.0000000+00:00,03:31,[CON] Thomas Turnover : Bad Pass (3 TO) Steal:Collier (1 ST),-31,242,1,0,0,0,1,5,1629483,1611661323,203826,36,38,,1611661323,1860000,0,2
191,2024-09-17T23:33:44.9000000+00:00,03:21,[MIN] Smith 3pt Shot: Missed,-124,212,3,0,0,0,1,2,,1611661324,1629501,36,38,,1611661324,1880000,0,2
192,2024-09-17T23:33:45.9000000+00:00,03:20,[CON] Carrington Rebound (Off:0 Def:1),-124,212,0,0,0,0,0,4,,1611661323,1630096,36,38,,1611661324,1890000,0,2
193,2024-09-17T23:34:09.2000000+00:00,02:55,[CON] Jones Jump Shot: Missed,22,196,2,0,0,0,1,2,,1611661323,1628280,36,38,,1611661323,1900000,0,2
194,2024-09-17T23:34:10.2000000+00:00,02:54,[MIN] Smith Rebound (Off:1 Def:2),22,196,0,0,0,0,0,4,,1611661324,1629501,36,38,,1611661323,1910000,0,2
195,2024-09-17T23:34:22.9000000+00:00,02:42,[MIN] Collier 3pt Shot: Missed,-163,180,3,0,0,0,1,2,,1611661324,1629483,36,38,,1611661324,1920000,0,2
196,2024-09-17T23:34:23.9000000+00:00,02:41,[CON] Mabrey Rebound (Off:0 Def:2),-163,180,0,0,0,0,0,4,,1611661323,1629497,36,38,,1611661324,1930000,0,2
198,2024-09-17T23:34:28.1000000+00:00,02:37,[CON] Mabrey Turnover : Bad Pass (1 TO) Steal:Williams (1 ST),-1,580,1,0,0,0,1,5,1627675,1611661323,1629497,36,38,,1611661323,1950000,0,2
200,2024-09-17T23:34:36.2000000+00:00,02:29,[MIN 40-36] Collier Cutting Layup Shot: Made (14 PTS) Assist: Williams (7 AST),-47,13,2,0,0,0,98,1,,1611661324,1629483,36,40,1627675,1611661324,1970000,2,2
202,2024-09-17T23:34:58.4000000+00:00,02:11,[MIN] Smith Foul: Personal (1 PF),79,27,0,0,0,0,1,6,1628280,1611661324,1629501,36,40,1629176,1611661323,1990000,0,2
204,2024-09-17T23:35:06.6000000+00:00,02:11,Timeout : Regular,0,-80,0,0,0,0,1,9,,1611661324,1611661324,36,40,,1611661323,2010000,0,2
205,2024-09-17T23:36:39.9000000+00:00,02:11,[MIN] Zandalasini Substitution replaced by Carleton,0,-80,0,0,0,0,0,8,,1611661324,1628508,36,40,1629524,1611661323,2020000,0,2
207,2024-09-17T23:38:19.8000000+00:00,02:01,[CON] Mabrey Turnover : Out of Bounds - Bad Pass Turnover (2 TO),84,246,0,0,0,0,45,5,,1611661323,1629497,36,40,201538,1611661323,2040000,0,2
208,2024-09-17T23:38:48.8000000+00:00,01:45,[CON] Jones Foul: Shooting (1 PF) (2 FTA),78,17,0,0,2,0,2,6,203825,1611661323,1628280,36,40,101044,1611661324,2050000,0,2
210,2024-09-17T23:39:22.1000000+00:00,01:45,[MIN 41-36] McBride Free Throw 1 of 2 (8 PTS),0,-80,1,0,1,0,11,3,,1611661324,203825,36,41,,1611661324,2070000,1,2
211,2024-09-17T23:39:37.0000000+00:00,01:45,[MIN 42-36] McBride Free Throw 2 of 2 (9 PTS),0,-80,1,0,1,0,12,3,,1611661324,203825,36,42,,1611661324,2080000,1,2
212,2024-09-17T23:39:58.0000000+00:00,01:25,[CON] Carrington Driving Layup Shot: Missed Block: Smith (1 BLK),34,33,2,0,0,0,6,2,1629501,1611661323,1630096,36,42,,1611661323,2090000,0,2
214,2024-09-17T23:39:59.0000000+00:00,01:24,[MIN] Smith Rebound (Off:1 Def:3),34,33,0,0,0,0,0,4,,1611661324,1629501,36,42,,1611661323,2110000,0,2
215,2024-09-17T23:40:07.5000000+00:00,01:19,[MIN] Collier Foul: Offensive (1 PF),-141,153,0,0,0,0,4,6,1630112,1611661324,1629483,36,42,101044,1611661324,2120000,0,2
217,2024-09-17T23:40:07.5000000+00:00,01:19,[MIN] Collier Turnover : Offensive Foul Turnover (3 TO),-141,153,0,0,0,0,37,5,,1611661324,1629483,36,42,101044,1611661324,2140000,0,2
218,2024-09-17T23:40:47.8000000+00:00,01:01,[MIN] Collier Foul: Shooting (2 PF) (2 FTA),-9,31,0,0,2,0,2,6,1628280,1611661324,1629483,36,42,101044,1611661323,2150000,0,2
220,2024-09-17T23:41:19.9000000+00:00,01:01,[CON 37-42] Jones Free Throw 1 of 2 (5 PTS),0,-80,1,0,1,0,11,3,,1611661323,1628280,37,42,,1611661323,2170000,1,2
221,2024-09-17T23:41:24.7000000+00:00,01:01,[MIN] Collier Substitution replaced by Hines-Allen,0,-80,0,0,0,0,0,8,,1611661324,1629483,37,42,1628899,1611661323,2180000,0,2
223,2024-09-17T23:41:19.9000000+00:00,01:01,[CON] Jones Free Throw 2 of 2 Missed,0,-80,2,0,0,0,12,3,,1611661323,1628280,37,42,,1611661323,2200000,0,2
224,2024-09-17T23:41:21.5000000+00:00,00:59.4,[MIN] Carleton Rebound (Off:1 Def:2),0,-80,0,0,0,0,0,4,,1611661324,1629524,37,42,,1611661323,2200001,0,2
225,2024-09-17T23:41:58.8000000+00:00,00:42.2,[MIN] Williams Pullup Jump shot: Missed,20,182,2,0,0,0,79,2,,1611661324,1627675,37,42,,1611661324,2220000,0,2
226,2024-09-17T23:42:00.0000000+00:00,00:41.0,[CON] Thomas Rebound (Off:1 Def:2),20,182,0,0,0,0,0,4,,1611661323,203826,37,42,,1611661324,2230000,0,2
227,2024-09-17T23:42:09.2000000+00:00,00:33.7,[CON] Thomas Turnover : Out of Bounds Lost Ball Turnover (4 TO),21,130,0,0,0,0,40,5,,1611661323,203826,37,42,1629176,1611661323,2240000,0,2
228,2024-09-17T23:42:38.9000000+00:00,00:17.0,[MIN] Williams Turnover : Out of Bounds Lost Ball Turnover (2 TO),140,215,0,0,0,0,40,5,,1611661324,1627675,37,42,201538,1611661324,2250000,0,2
229,2024-09-17T23:43:04.4000000+00:00,00:01.9,[CON] Thomas Pullup Jump shot: Missed,-62,115,2,0,0,0,79,2,,1611661323,203826,37,42,,1611661323,2260000,0,2
230,2024-09-17T23:43:06.2000000+00:00,00:00.1,[MIN] Smith Rebound (Off:1 Def:4),-62,115,0,0,0,0,0,4,,1611661324,1629501,37,42,,1611661323,2270000,0,2
231,2024-09-17T23:43:08.9000000+00:00,00:00.0,End Period,0,-80,0,0,0,0,0,13,,0,0,37,42,,1611661324,2280000,0,2
236,2024-09-17T23:59:45.0000000+00:00,10:00,Start Period,0,-80,0,0,0,0,0,12,,0,0,37,42,,1611661324,2330000,0,3
237,2024-09-18T00:00:08.7000000+00:00,09:35,[MIN] McBride Driving Floating Jump Shot: Missed,72,50,2,0,0,0,101,2,,1611661324,203825,37,42,,1611661324,2340000,0,3
238,2024-09-18T00:00:08.7000000+00:00,09:35,[MIN] McBride Rebound (Off:2 Def:2),72,50,1,0,0,0,0,4,,1611661324,203825,37,42,,1611661324,2350000,0,3
239,2024-09-18T00:00:16.0000000+00:00,09:28,[MIN 45-37] McBride 3pt Shot: Made (12 PTS) Assist: Williams (8 AST),233,13,3,0,0,0,1,1,,1611661324,203825,37,45,1627675,1611661324,2360000,3,3
241,2024-09-18T00:00:36.0000000+00:00,09:12,[CON] Jones Foul: Offensive (2 PF),94,126,0,0,0,0,4,6,1627675,1611661323,1628280,37,45,201538,1611661323,2380000,0,3
243,2024-09-18T00:00:36.0000000+00:00,09:12,[CON] Jones Turnover : Offensive Foul Turnover (1 TO),94,126,0,0,0,0,37,5,,1611661323,1628280,37,45,201538,1611661323,2400000,0,3
279,2024-09-18T00:00:56.4000000+00:00,08:57,[MIN] Carleton Hook Shot: Missed Block: Harris (3 BLK),32,39,2,0,0,0,3,2,1630112,1611661324,1629524,37,45,,1611661324,2415000,0,3
281,2024-09-18T00:00:57.4000000+00:00,08:56,[CON] Harris Rebound (Off:0 Def:5),32,39,0,0,0,0,0,4,,1611661323,1630112,37,45,,1611661324,2426250,0,3
246,2024-09-18T00:01:16.9000000+00:00,08:48,[MIN] Smith Foul: Shooting (2 PF) (2 FTA),-44,9,0,0,2,0,2,6,1630096,1611661324,1629501,37,45,101044,1611661323,2430000,0,3
248,2024-09-18T00:01:41.5000000+00:00,08:48,[CON 38-45] Carrington Free Throw 1 of 2 (9 PTS),0,-80,1,0,1,0,11,3,,1611661323,1630096,38,45,,1611661323,2450000,1,3
249,2024-09-18T00:01:54.5000000+00:00,08:48,[CON 39-45] Carrington Free Throw 2 of 2 (10 PTS),0,-80,1,0,1,0,12,3,,1611661323,1630096,39,45,,1611661323,2460000,1,3
250,2024-09-18T00:02:16.5000000+00:00,08:27,[MIN] Williams Driving Floating Jump Shot: Missed,-68,55,2,0,0,0,101,2,,1611661324,1627675,39,45,,1611661324,2470000,0,3
251,2024-09-18T00:02:17.5000000+00:00,08:26,[CON] Carrington Rebound (Off:0 Def:2),-68,55,0,0,0,0,0,4,,1611661323,1630096,39,45,,1611661324,2480000,0,3
252,2024-09-18T00:02:34.2000000+00:00,08:09,[CON 42-45] Harris 3pt Shot: Made (6 PTS) Assist: Carrington (2 AST),-157,188,3,0,0,0,1,1,,1611661323,1630112,42,45,1630096,1611661323,2490000,3,3
254,2024-09-18T00:02:56.1000000+00:00,07:47,[MIN 47-42] Smith Cutting Layup Shot: Made (6 PTS) Assist: Williams (9 AST),18,21,2,0,0,0,98,1,,1611661324,1629501,42,47,1627675,1611661324,2510000,2,3
256,2024-09-18T00:03:17.6000000+00:00,07:30,[MIN] Carleton Foul: Personal (1 PF),13,28,0,0,0,0,1,6,1628280,1611661324,1629524,42,47,201538,1611661323,2530000,0,3
258,2024-09-18T00:03:50.2000000+00:00,07:16,[CON] Carrington Driving Floating Jump Shot: Missed,140,17,2,0,0,0,101,2,,1611661323,1630096,42,47,,1611661323,2550000,0,3
259,2024-09-18T00:03:51.2000000+00:00,07:15,[CON] Thomas Rebound (Off:2 Def:2),140,17,1,0,0,0,0,4,,1611661323,203826,42,47,,1611661323,2560000,0,3
260,2024-09-18T00:03:57.0000000+00:00,07:10,[CON] Carrington 3pt Shot: Missed,149,219,3,0,0,0,1,2,,1611661323,1630096,42,47,,1611661323,2570000,0,3
261,2024-09-18T00:03:58.0000000+00:00,07:09,[MIN] McBride Rebound (Off:2 Def:3),149,219,0,0,0,0,0,4,,1611661324,203825,42,47,,1611661323,2580000,0,3
262,2024-09-18T00:04:04.7000000+00:00,07:01,[MIN] Carleton 3pt Shot: Missed,-221,93,3,1,0,0,2,2,,1611661324,1629524,42,47,,1611661324,2590000,0,3
263,2024-09-18T00:04:06.7000000+00:00,06:59,[CON] Team Rebound,-221,93,0,0,0,0,0,4,,1611661323,0,42,47,,1611661324,2600000,0,3
264,2024-09-18T00:04:13.7000000+00:00,06:59,Stoppage: Out-of-Bounds,0,-80,0,0,0,0,3,20,,0,0,42,47,,1611661323,2610000,0,3
265,2024-09-18T00:04:45.3000000+00:00,06:36,[CON] Bonner Alley Oop Layup shot: Missed,49,11,2,0,0,0,43,2,,1611661323,201886,42,47,,1611661323,2620000,0,3
266,2024-09-18T00:04:45.3000000+00:00,06:36,[MIN] Team Rebound,49,11,0,0,0,0,0,4,,1611661324,0,42,47,,1611661323,2630000,0,3
267,2024-09-18T00:04:50.0000000+00:00,06:36,Stoppage: Out-of-Bounds,0,-80,0,0,0,0,3,20,,0,0,42,47,,1611661324,2640000,0,3
268,2024-09-18T00:05:11.3000000+00:00,06:24,[MIN 50-42] Collier 3pt Shot: Made (17 PTS) Assist: Williams (10 AST),-98,231,3,0,0,0,1,1,,1611661324,1629483,42,50,1627675,1611661324,2650000,3,3
270,2024-09-18T00:05:37.8000000+00:00,05:57,[CON] Harris Step Back Jump shot: Missed,-52,124,2,0,0,0,80,2,,1611661323,1630112,42,50,,1611661323,2670000,0,3
271,2024-09-18T00:05:39.8000000+00:00,05:55,[CON] Jones Rebound (Off:3 Def:1),-52,124,1,0,0,0,0,4,,1611661323,1628280,42,50,,1611661323,2680000,0,3
272,2024-09-18T00:05:42.4000000+00:00,05:52,[CON 44-50] Jones Putback Layup Shot: Made (7 PTS),0,-5,2,0,0,0,72,1,,1611661323,1628280,44,50,,1611661323,2690000,2,3
273,2024-09-18T00:05:51.8000000+00:00,05:46,[MIN] McBride Foul: Offensive (1 PF),133,163,0,0,0,0,4,6,1630096,1611661324,203825,44,50,1629176,1611661324,2700000,0,3
275,2024-09-18T00:05:51.8000000+00:00,05:46,[MIN] McBride Turnover : Offensive Foul Turnover (1 TO),133,163,0,0,0,0,37,5,,1611661324,203825,44,50,1629176,1611661324,2720000,0,3
276,2024-09-18T00:06:18.6000000+00:00,05:37,[CON] Bonner Turnover : Out of Bounds Lost Ball Turnover (1 TO),-193,119,0,0,0,0,40,5,,1611661323,201886,44,50,201538,1611661323,2730000,0,3
277,2024-09-18T00:06:38.1000000+00:00,05:24,[MIN] Williams Pullup Jump shot: Missed,-7,187,2,0,0,0,79,2,,1611661324,1627675,44,50,,1611661324,2740000,0,3
278,2024-09-18T00:06:39.1000000+00:00,05:23,[CON] Jones Rebound (Off:3 Def:2),-7,187,0,0,0,0,0,4,,1611661323,1628280,44,50,,1611661324,2750000,0,3
282,2024-09-18T00:06:51.1000000+00:00,05:12,[CON] Carrington Turnover : Bad Pass (2 TO) Steal:Collier (2 ST),-129,154,1,0,0,0,1,5,1629483,1611661323,1630096,44,50,,1611661323,2760000,0,3
284,2024-09-18T00:06:58.1000000+00:00,05:06,[CON] Carrington Foul: Shooting (1 PF) (2 FTA),-31,32,0,0,2,0,2,6,1629483,1611661323,1630096,44,50,201538,1611661324,2780000,0,3
286,2024-09-18T00:07:22.1000000+00:00,05:06,[MIN 51-44] Collier Free Throw 1 of 2 (18 PTS),0,-80,1,1,1,0,11,3,,1611661324,1629483,44,51,,1611661324,2800000,1,3
287,2024-09-18T00:07:24.1000000+00:00,05:06,[CON] Harris Substitution replaced by Mabrey,0,-80,0,0,0,0,0,8,,1611661323,1630112,44,51,1629497,1611661324,2810000,0,3
288,2024-09-18T00:07:24.1000000+00:00,05:06,[MIN] Williams Substitution replaced by Hiedeman,0,-80,0,0,0,0,0,8,,1611661324,1627675,44,51,1629567,1611661324,2820000,0,3
291,2024-09-18T00:07:47.1000000+00:00,05:06,[MIN 52-44] Collier Free Throw 2 of 2 (19 PTS),0,-80,1,1,1,0,12,3,,1611661324,1629483,44,52,,1611661324,2850000,1,3
292,2024-09-18T00:08:02.5000000+00:00,04:56,[CON] Bonner Turnover : Step Out of Bounds Turnover (2 TO),-228,-1,0,0,0,0,39,5,,1611661323,201886,44,52,101044,1611661323,2860000,0,3
293,2024-09-18T00:08:08.1000000+00:00,04:56,Timeout : Official,0,-80,0,0,0,0,4,9,,0,0,44,52,,1611661324,2870000,0,3
294,2024-09-18T00:11:42.5000000+00:00,04:31,[MIN] Hiedeman Jump Shot: Missed,-10,153,2,0,0,0,1,2,,1611661324,1629567,44,52,,1611661324,2880000,0,3
295,2024-09-18T00:11:45.0000000+00:00,04:31,[MIN] Team Rebound,-10,153,1,0,0,0,0,4,,1611661324,0,44,52,,1611661324,2890000,0,3
296,2024-09-18T00:11:46.3000000+00:00,04:31,[MIN] Team Turnover : Shot Clock Turnover,-17,60,0,0,0,0,11,5,,1611661324,0,44,52,201538,1611661324,2900000,0,3
297,2024-09-18T00:12:14.8000000+00:00,04:16,[CON] Bonner 3pt Shot: Missed,-211,94,3,0,0,0,1,2,,1611661323,201886,44,52,,1611661323,2910000,0,3
298,2024-09-18T00:12:15.8000000+00:00,04:15,[MIN] Hiedeman Rebound (Off:0 Def:1),-211,94,0,0,0,0,0,4,,1611661324,1629567,44,52,,1611661323,2920000,0,3
299,2024-09-18T00:12:21.7000000+00:00,04:08,[MIN] McBride 3pt Shot: Missed,232,10,3,0,0,0,1,2,,1611661324,203825,44,52,,1611661324,2930000,0,3
300,2024-09-18T00:12:22.7000000+00:00,04:07,[CON] Jones Rebound (Off:3 Def:3),232,10,0,0,0,0,0,4,,1611661323,1628280,44,52,,1611661324,2940000,0,3
301,2024-09-18T00:12:29.7000000+00:00,04:00,[CON] Carrington Driving Hook Shot: Missed,46,56,2,1,0,0,57,2,,1611661323,1630096,44,52,,1611661323,2950000,0,3
302,2024-09-18T00:12:30.7000000+00:00,03:59,[CON] Thomas Rebound (Off:3 Def:2),46,56,1,0,0,0,0,4,,1611661323,203826,44,52,,1611661323,2960000,0,3
303,2024-09-18T00:12:32.8000000+00:00,03:57,[CON 46-52] Thomas Putback Layup Shot: Made (10 PTS),-21,16,2,0,0,0,72,1,,1611661323,203826,46,52,,1611661323,2970000,2,3
304,2024-09-18T00:12:49.2000000+00:00,03:41,[MIN 55-46] Carleton 3pt Shot: Made (10 PTS) Assist: Smith (3 AST),45,244,3,0,0,0,79,1,,1611661324,1629524,46,55,1629501,1611661324,2980000,3,3
306,2024-09-18T00:13:13.3000000+00:00,03:20,[MIN] Hiedeman Foul: Personal (1 PF),-60,171,0,0,0,0,1,6,1629497,1611661324,1629567,46,55,101044,1611661323,3000000,0,3
308,2024-09-18T00:13:19.4000000+00:00,03:20,[CON] Carrington Substitution replaced by Harris,0,-80,0,0,0,0,0,8,,1611661323,1630096,46,55,1630112,1611661323,3020000,0,3
310,2024-09-18T00:13:51.6000000+00:00,03:06,[CON 48-55] Thomas Cutting Layup Shot: Made (12 PTS) Assist: Mabrey (3 AST),40,10,2,0,0,0,98,1,,1611661323,203826,48,55,1629497,1611661323,3040000,2,3
312,2024-09-18T00:14:03.2000000+00:00,02:56,[CON] Harris Foul: Shooting (1 PF) (2 FTA),45,49,0,0,2,0,2,6,203825,1611661323,1630112,48,55,101044,1611661324,3060000,0,3
314,2024-09-18T00:14:31.3000000+00:00,02:56,[MIN 56-48] McBride Free Throw 1 of 2 (13 PTS),0,-80,1,0,1,0,11,3,,1611661324,203825,48,56,,1611661324,3080000,1,3
315,2024-09-18T00:14:42.7000000+00:00,02:56,[MIN] Carleton Substitution replaced by Williams,0,-80,0,0,0,0,0,8,,1611661324,1629524,48,56,1627675,1611661324,3090000,0,3
317,2024-09-18T00:14:59.1000000+00:00,02:56,[MIN 57-48] McBride Free Throw 2 of 2 (14 PTS),0,-80,1,0,1,0,12,3,,1611661324,203825,48,57,,1611661324,3110000,1,3
318,2024-09-18T00:15:11.1000000+00:00,02:46,[CON 50-57] Mabrey Cutting Layup Shot: Made (11 PTS) Assist: Thomas (5 AST),-32,28,2,0,0,0,98,1,,1611661323,1629497,50,57,203826,1611661323,3120000,2,3
320,2024-09-18T00:15:23.3000000+00:00,02:33,[MIN 59-50] Williams Pullup Jump shot: Made (4 PTS) Assist: Collier (1 AST),15,179,2,0,0,0,79,1,,1611661324,1627675,50,59,1629483,1611661324,3140000,2,3
322,2024-09-18T00:15:48.5000000+00:00,02:08,[CON] Harris 3pt Shot: Missed,148,203,3,0,0,0,1,2,,1611661323,1630112,50,59,,1611661323,3160000,0,3
323,2024-09-18T00:15:50.5000000+00:00,02:06,[MIN] McBride Rebound (Off:2 Def:4),148,203,0,0,0,0,0,4,,1611661324,203825,50,59,,1611661323,3170000,0,3
324,2024-09-18T00:15:58.0000000+00:00,01:59,[MIN 61-50] Williams Pullup Jump shot: Made (6 PTS),1,203,2,0,0,0,79,1,,1611661324,1627675,50,61,,1611661324,3180000,2,3
326,2024-09-18T00:16:03.9000000+00:00,01:59,Timeout : Regular,0,-80,0,0,0,0,1,9,,1611661323,1611661323,50,61,,1611661323,3200000,0,3
327,2024-09-18T00:16:45.1000000+00:00,01:59,[MIN] Smith Substitution replaced by Hines-Allen,0,-80,0,0,0,0,0,8,,1611661324,1629501,50,61,1628899,1611661323,3210000,0,3
329,2024-09-18T00:17:53.5000000+00:00,01:39,[CON] Mabrey 3pt Shot: Missed,120,210,3,0,0,0,80,2,,1611661323,1629497,50,61,,1611661323,3230000,0,3
330,2024-09-18T00:17:55.5000000+00:00,01:37,[MIN] Collier Rebound (Off:0 Def:3),120,210,0,0,0,0,0,4,,1611661324,1629483,50,61,,1611661323,3240000,0,3
331,2024-09-18T00:18:06.2000000+00:00,01:28,[CON] Mabrey Foul: Shooting (2 PF) (2 FTA),45,24,0,0,2,0,2,6,1628899,1611661323,1629497,50,61,101044,1611661324,3250000,0,3
333,2024-09-18T00:18:33.0000000+00:00,01:28,[MIN] Hines-Allen Free Throw 1 of 2 Missed,0,-80,2,0,0,0,11,3,,1611661324,1628899,50,61,,1611661324,3270000,0,3
334,2024-09-18T00:18:33.0000000+00:00,01:28,[MIN] Team Rebound,0,-80,1,0,0,0,1,4,,1611661324,0,50,61,,1611661324,3270001,0,3
335,2024-09-18T00:18:47.5000000+00:00,01:28,[MIN 62-50] Hines-Allen Free Throw 2 of 2 (7 PTS),0,-80,1,0,1,0,12,3,,1611661324,1628899,50,62,,1611661324,3290000,1,3
336,2024-09-18T00:18:59.7000000+00:00,01:17,[CON] Harris Turnover : Lost Ball (3 TO) Steal:Hiedeman (1 ST),-104,232,1,0,0,0,2,5,1629567,1611661323,1630112,50,62,,1611661323,3300000,0,3
338,2024-09-18T00:19:06.7000000+00:00,01:11,[MIN] Hiedeman Turnover : Bad Pass (1 TO) Steal:Harris (1 ST),189,688,1,0,0,0,1,5,1630112,1611661324,1629567,50,62,,1611661324,3320000,0,3
340,2024-09-18T00:19:11.4000000+00:00,01:06,[CON 53-62] Harris 3pt Shot: Made (9 PTS) Assist: Thomas (6 AST),233,13,3,0,0,0,1,1,,1611661323,1630112,53,62,203826,1611661323,3340000,3,3
342,2024-09-18T00:19:26.5000000+00:00,00:51.9,[MIN] McBride 3pt Shot: Missed,-213,94,3,0,0,0,1,2,,1611661324,203825,53,62,,1611661324,3360000,0,3
343,2024-09-18T00:19:28.1000000+00:00,00:50.3,[CON] Mabrey Rebound (Off:0 Def:3),-213,94,0,0,0,0,0,4,,1611661323,1629497,53,62,,1611661324,3370000,0,3
344,2024-09-18T00:19:46.9000000+00:00,00:33.7,Stoppage: Out-of-Bounds,0,-80,0,0,0,0,3,20,,0,0,53,62,,1611661323,3380000,0,3
345,2024-09-18T00:19:47.4000000+00:00,00:33.7,[CON] Bonner Substitution replaced by Carrington,0,-80,0,0,0,0,0,8,,1611661323,201886,53,62,1630096,1611661323,3390000,0,3
347,2024-09-18T00:20:16.5000000+00:00,00:25.7,[CON] Harris 3pt Shot: Missed,-188,159,3,0,0,0,80,2,,1611661323,1630112,53,62,,1611661323,3410000,0,3
348,2024-09-18T00:20:17.9000000+00:00,00:24.3,[MIN] McBride Rebound (Off:2 Def:5),-188,159,0,0,0,0,0,4,,1611661324,203825,53,62,,1611661323,3420000,0,3
349,2024-09-18T00:20:38.0000000+00:00,00:04.0,[MIN] Williams Pullup Jump shot: Missed,38,156,2,0,0,0,79,2,,1611661324,1627675,53,62,,1611661324,3430000,0,3
350,2024-09-18T00:20:38.0000000+00:00,00:04.0,[CON] Jones Rebound (Off:3 Def:4),38,156,0,0,0,0,0,4,,1611661323,1628280,53,62,,1611661324,3440000,0,3
351,2024-09-18T00:20:46.7000000+00:00,00:00.0,End Period,0,-80,0,0,0,0,0,13,,0,0,53,62,,1611661323,3450000,0,3
356,2024-09-18T00:23:55.8000000+00:00,10:00,Start Period,0,-80,0,0,0,0,0,12,,0,0,53,62,,1611661323,3500000,0,4
357,2024-09-18T00:24:14.4000000+00:00,09:43,[CON] Jones Driving Hook Shot: Missed Block: Collier (3 BLK),-1,49,2,0,0,0,57,2,1629483,1611661323,1628280,53,62,,1611661323,3510000,0,4
359,2024-09-18T00:24:15.4000000+00:00,09:42,[MIN] Collier Rebound (Off:0 Def:4),-1,49,0,0,0,0,0,4,,1611661324,1629483,53,62,,1611661323,3530000,0,4
360,2024-09-18T00:24:18.9000000+00:00,09:41,[CON] Jones Foul: Personal (3 PF),12,781,0,0,0,0,1,6,1629483,1611661323,1628280,53,62,101044,1611661324,3540000,0,4
362,2024-09-18T00:24:45.9000000+00:00,09:27,[MIN] McBride Turnover : Step Out of Bounds Turnover (2 TO),135,-22,0,0,0,0,39,5,,1611661324,203825,53,62,201538,1611661324,3560000,0,4
363,2024-09-18T00:25:12.9000000+00:00,09:07,[CON] Mabrey Driving Floating Jump Shot: Missed,35,57,2,0,0,0,101,2,,1611661323,1629497,53,62,,1611661323,3570000,0,4
364,2024-09-18T00:25:14.7000000+00:00,09:07,[CON] Jones Rebound (Off:4 Def:4),35,57,1,0,0,0,0,4,,1611661323,1628280,53,62,,1611661323,3580000,0,4
365,2024-09-18T00:25:15.9000000+00:00,09:07,[MIN] Hines-Allen Foul: Shooting (1 PF) (2 FTA),-23,30,0,0,2,0,2,6,1628280,1611661324,1628899,53,62,101044,1611661323,3590000,0,4
367,2024-09-18T00:25:43.1000000+00:00,09:07,[CON 54-62] Jones Free Throw 1 of 2 (8 PTS),0,-80,1,0,1,0,11,3,,1611661323,1628280,54,62,,1611661323,3610000,1,4
368,2024-09-18T00:25:56.3000000+00:00,09:07,[CON 55-62] Jones Free Throw 2 of 2 (9 PTS),0,-80,1,0,1,0,12,3,,1611661323,1628280,55,62,,1611661323,3620000,1,4
369,2024-09-18T00:26:07.3000000+00:00,08:58,[MIN] Williams Pullup Jump shot: Missed,51,179,2,0,0,0,79,2,,1611661324,1627675,55,62,,1611661324,3630000,0,4
370,2024-09-18T00:26:09.3000000+00:00,08:56,[CON] Team Rebound,51,179,0,0,0,0,0,4,,1611661323,0,55,62,,1611661324,3640000,0,4
371,2024-09-18T00:26:14.9000000+00:00,08:56,Stoppage: Out-of-Bounds,0,-80,0,0,0,0,3,20,,0,0,55,62,,1611661323,3650000,0,4
372,2024-09-18T00:26:47.2000000+00:00,08:37,[CON] Carrington Driving Floating Jump Shot: Missed,70,14,2,0,0,0,101,2,,1611661323,1630096,55,62,,1611661323,3660000,0,4
373,2024-09-18T00:26:48.2000000+00:00,08:36,[MIN] Hines-Allen Rebound (Off:1 Def:2),70,14,0,0,0,0,0,4,,1611661324,1628899,55,62,,1611661323,3670000,0,4
374,2024-09-18T00:26:54.6000000+00:00,08:32,[MIN] Hines-Allen Running Layup Shot: Missed,41,35,2,1,0,0,41,2,,1611661324,1628899,55,62,,1611661324,3680000,0,4
375,2024-09-18T00:26:55.6000000+00:00,08:31,[MIN] Collier Rebound (Off:1 Def:4),41,35,1,0,0,0,0,4,,1611661324,1629483,55,62,,1611661324,3690000,0,4
376,2024-09-18T00:27:00.3000000+00:00,08:29,[MIN 64-55] Collier Putback Layup Shot: Made (21 PTS),0,-5,2,0,0,0,72,1,,1611661324,1629483,55,64,,1611661324,3700000,2,4
377,2024-09-18T00:27:17.0000000+00:00,08:08,[CON 57-64] Mabrey Driving Floating Jump Shot: Made (13 PTS) Assist: Bonner (3 AST),32,72,2,0,0,0,101,1,,1611661323,1629497,57,64,201886,1611661323,3710000,2,4
379,2024-09-18T00:27:44.2000000+00:00,07:40,[MIN] Hines-Allen Driving Layup Shot: Missed,-38,55,2,0,0,0,6,2,,1611661324,1628899,57,64,,1611661324,3730000,0,4
380,2024-09-18T00:27:45.2000000+00:00,07:39,[CON] Carrington Rebound (Off:0 Def:3),-38,55,0,0,0,0,0,4,,1611661323,1630096,57,64,,1611661324,3740000,0,4
381,2024-09-18T00:27:52.7000000+00:00,07:31,[CON] Jones Turnover : Bad Pass (2 TO) Steal:Williams (2 ST),-66,5,1,0,0,0,1,5,1627675,1611661323,1628280,57,64,,1611661323,3750000,0,4
383,2024-09-18T00:27:55.5000000+00:00,07:31,[CON] Carrington Foul: Personal (2 PF),-98,603,0,0,0,0,1,6,1627675,1611661323,1630096,57,64,101044,1611661324,3770000,0,4
385,2024-09-18T00:28:31.3000000+00:00,07:19,[MIN 66-57] Hines-Allen Cutting Layup Shot: Made (9 PTS) Assist: Williams (11 AST),6,21,2,0,0,0,98,1,,1611661324,1628899,57,66,1627675,1611661324,3790000,2,4
387,2024-09-18T00:28:49.8000000+00:00,07:02,[MIN] Hines-Allen Foul: Shooting (2 PF) (2 FTA),54,27,0,0,2,0,2,6,1628280,1611661324,1628899,57,66,201538,1611661323,3810000,0,4
389,2024-09-18T00:29:21.6000000+00:00,07:02,[CON] Jones Free Throw 1 of 2 Missed,0,-80,2,0,0,0,11,3,,1611661323,1628280,57,66,,1611661323,3830000,0,4
390,2024-09-18T00:29:21.6000000+00:00,07:02,[CON] Team Rebound,0,-80,1,0,0,0,1,4,,1611661323,0,57,66,,1611661323,3830001,0,4
391,2024-09-18T00:29:23.7000000+00:00,07:02,[MIN] Hines-Allen Substitution replaced by Smith,0,-80,0,0,0,0,0,8,,1611661324,1628899,57,66,1629501,1611661323,3850000,0,4
393,2024-09-18T00:29:36.8000000+00:00,07:02,[CON 58-66] Jones Free Throw 2 of 2 (10 PTS),0,-80,1,0,1,0,12,3,,1611661323,1628280,58,66,,1611661323,3870000,1,4
394,2024-09-18T00:30:00.6000000+00:00,06:39,[MIN] Collier Jump Shot: Missed,-171,54,2,0,0,0,1,2,,1611661324,1629483,58,66,,1611661324,3880000,0,4
395,2024-09-18T00:30:01.6000000+00:00,06:38,[CON] Carrington Rebound (Off:0 Def:4),-171,54,0,0,0,0,0,4,,1611661323,1630096,58,66,,1611661324,3890000,0,4
401,2024-09-18T00:30:08.8000000+00:00,06:28,[CON] Jones Layup Shot: Missed Block: Williams (1 BLK),8,15,2,0,0,0,5,2,1627675,1611661323,1628280,58,66,,1611661323,3900000,0,4
403,2024-09-18T00:30:09.8000000+00:00,06:27,[MIN] Team Rebound,8,15,0,0,0,0,0,4,,1611661324,0,58,66,,1611661323,3907500,0,4
397,2024-09-18T00:30:17.0000000+00:00,06:27,[CON] Jones Substitution replaced by Thomas,0,-80,0,0,0,0,0,8,,1611661323,1628280,58,66,203826,1611661324,3910000,0,4
420,2024-09-18T00:32:15.7000000+00:00,06:27,Timeout : Regular,0,-80,0,0,0,0,1,9,,1611661323,1611661323,58,66,,1611661324,3935000,0,4
442,2024-09-18T00:33:15.0000000+00:00,06:27,Instant Replay - Challenge - Overturn Ruling,0,-80,0,0,0,0,5,18,,1611661324,0,58,66,,1611661324,3942500,0,4
404,2024-09-18T00:34:14.4000000+00:00,06:06,[MIN] Smith Turnover : Bad Pass (2 TO) Steal:Bonner (1 ST),-144,215,1,0,0,0,1,5,201886,1611661324,1629501,58,66,,1611661324,3950000,0,4
406,2024-09-18T00:34:24.8000000+00:00,05:55,[CON] Mabrey 3pt Shot: Missed,-164,187,3,0,0,0,80,2,,1611661323,1629497,58,66,,1611661323,3970000,0,4
407,2024-09-18T00:34:25.8000000+00:00,05:54,[MIN] Smith Rebound (Off:1 Def:5),-164,187,0,0,0,0,0,4,,1611661324,1629501,58,66,,1611661323,3980000,0,4
408,2024-09-18T00:34:46.3000000+00:00,05:34,[MIN] Smith Cutting Layup Shot: Missed,21,31,2,0,0,0,98,2,,1611661324,1629501,58,66,,1611661324,3990000,0,4
409,2024-09-18T00:34:47.3000000+00:00,05:33,[CON] Thomas Rebound (Off:3 Def:3),21,31,0,0,0,0,0,4,,1611661323,203826,58,66,,1611661324,4000000,0,4
410,2024-09-18T00:34:54.9000000+00:00,05:25,[CON] Bonner Pullup Jump shot: Missed,143,-6,2,0,0,0,79,2,,1611661323,201886,58,66,,1611661323,4010000,0,4
411,2024-09-18T00:34:54.9000000+00:00,05:25,[MIN] Williams Rebound (Off:0 Def:4),143,-6,0,0,0,0,0,4,,1611661324,1627675,58,66,,1611661323,4020000,0,4
412,2024-09-18T00:35:09.3000000+00:00,05:11,[MIN] Williams Turnover : Bad Pass (3 TO) Steal:Thomas (2 ST),52,193,1,0,0,0,1,5,203826,1611661324,1627675,58,66,,1611661324,4030000,0,4
414,2024-09-18T00:35:15.0000000+00:00,05:05,[CON 60-66] Thomas Running Layup Shot: Made (14 PTS),28,28,2,1,0,0,41,1,,1611661323,203826,60,66,,1611661323,4050000,2,4
415,2024-09-18T00:35:43.4000000+00:00,04:39,[MIN] Team Turnover : Shot Clock Turnover,46,158,0,0,0,0,11,5,,1611661324,0,60,66,101044,1611661324,4060000,0,4
416,2024-09-18T00:35:56.7000000+00:00,04:39,Stoppage: Equipment Malfunction,0,-80,0,0,0,0,5,20,,0,0,60,66,,1611661323,4070000,0,4
417,2024-09-18T00:36:18.8000000+00:00,04:20,[CON 62-66] Carrington Cutting Layup Shot: Made (12 PTS) Assist: Thomas (7 AST),-6,37,2,0,0,0,98,1,,1611661323,1630096,62,66,203826,1611661323,4080000,2,4
419,2024-09-18T00:36:28.5000000+00:00,04:19,Timeout : Regular,0,-80,0,0,0,0,1,9,,1611661324,1611661324,62,66,,1611661324,4100000,0,4
421,2024-09-18T00:39:44.8000000+00:00,04:01,[MIN 68-62] Smith Cutting Layup Shot: Made (8 PTS) Assist: Williams (12 AST),-29,53,2,0,0,0,98,1,,1611661324,1629501,62,68,1627675,1611661324,4110000,2,4
423,2024-09-18T00:39:48.1000000+00:00,04:01,[CON] Bonner Foul: Shooting (2 PF) (1 FTA),-22,27,0,0,1,0,2,6,1629501,1611661323,201886,62,68,1629176,1611661324,4130000,0,4
425,2024-09-18T00:40:10.9000000+00:00,04:01,[MIN 69-62] Smith Free Throw 1 of 1 (9 PTS),0,-80,1,0,1,0,10,3,,1611661324,1629501,62,69,,1611661324,4150000,1,4
426,2024-09-18T00:40:34.7000000+00:00,03:38,[CON] Carrington Driving Layup Shot: Missed Block: Smith (2 BLK),62,16,2,0,0,0,6,2,1629501,1611661323,1630096,62,69,,1611661323,4160000,0,4
428,2024-09-18T00:40:35.7000000+00:00,03:37,[MIN] Williams Rebound (Off:0 Def:5),62,16,0,0,0,0,0,4,,1611661324,1627675,62,69,,1611661323,4180000,0,4
429,2024-09-18T00:40:44.1000000+00:00,03:29,[MIN] Williams Pullup Jump shot: Missed,-65,195,2,0,0,0,79,2,,1611661324,1627675,62,69,,1611661324,4190000,0,4
430,2024-09-18T00:40:45.1000000+00:00,03:28,[CON] Harris Rebound (Off:0 Def:6),-65,195,0,0,0,0,0,4,,1611661323,1630112,62,69,,1611661324,4200000,0,4
431,2024-09-18T00:40:56.4000000+00:00,03:17,[CON 64-69] Bonner Driving Layup Shot: Made (4 PTS) Assist: Harris (2 AST),27,5,2,0,0,0,6,1,,1611661323,201886,64,69,1630112,1611661323,4210000,2,4
433,2024-09-18T00:41:10.5000000+00:00,03:03,[MIN] Williams Jump Shot: Missed,-167,-26,2,0,0,0,1,2,,1611661324,1627675,64,69,,1611661324,4230000,0,4
434,2024-09-18T00:41:12.5000000+00:00,03:01,[CON] Thomas Rebound (Off:3 Def:4),-167,-26,0,0,0,0,0,4,,1611661323,203826,64,69,,1611661324,4240000,0,4
435,2024-09-18T00:41:18.8000000+00:00,02:54,[CON 67-69] Bonner 3pt Shot: Made (7 PTS) Assist: Thomas (8 AST),74,244,3,0,0,0,1,1,,1611661323,201886,67,69,203826,1611661323,4250000,3,4
437,2024-09-18T00:41:46.5000000+00:00,02:27,[MIN] Smith Turnover : Lost Ball (3 TO) Steal:Bonner (2 ST),-18,265,1,0,0,0,2,5,201886,1611661324,1629501,67,69,,1611661324,4270000,0,4
439,2024-09-18T00:41:50.5000000+00:00,02:25,[CON 69-69] Carrington Running Layup Shot: Made (14 PTS) Assist: Thomas (9 AST),35,20,2,1,0,0,41,1,,1611661323,1630096,69,69,203826,1611661323,4290000,2,4
443,2024-09-18T00:41:58.5000000+00:00,02:25,[MIN] Carleton Foul: Flagrant Type 1 (2 PF) (1 FTA),-2,9,0,0,1,0,14,6,1630096,1611661324,1629524,69,69,201538,1611661323,4305000,0,4
445,2024-09-18T00:44:17.5000000+00:00,02:25,Instant Replay - Overturn Ruling,0,-80,0,0,0,0,1,18,,0,0,69,69,,1611661323,4320000,0,4
456,2024-09-18T00:45:09.6000000+00:00,02:25,[MIN] Smith Substitution replaced by Hines-Allen,0,-80,0,0,0,0,0,8,,1611661324,1629501,69,69,1628899,1611661323,4325000,0,4
446,2024-09-18T00:45:10.3000000+00:00,02:25,[CON 70-69] Carrington Free Throw Flagrant 1 of 1 (15 PTS),0,-80,1,1,1,0,20,3,,1611661323,1630096,70,69,,1611661323,4330000,1,4
447,2024-09-18T00:45:27.5000000+00:00,02:14,[CON] Bonner 3pt Shot: Missed,-127,202,3,0,0,0,80,2,,1611661323,201886,70,69,,1611661323,4340000,0,4
448,2024-09-18T00:45:32.4000000+00:00,02:12,[MIN] Team Rebound,-127,202,0,0,0,0,0,4,,1611661324,0,70,69,,1611661323,4350000,0,4
449,2024-09-18T00:45:34.1000000+00:00,02:12,Stoppage: Out-of-Bounds,0,-80,0,0,0,0,3,20,,0,0,70,69,,1611661324,4360000,0,4
450,2024-09-18T00:45:55.1000000+00:00,01:52,[MIN 71-70] Williams Cutting Layup Shot: Made (8 PTS) Assist: Hines-Allen (2 AST),-107,23,2,0,0,0,98,1,,1611661324,1627675,70,71,1628899,1611661324,4370000,2,4
452,2024-09-18T00:46:19.5000000+00:00,01:34,[CON] Thomas Cutting Layup Shot: Missed Block: Collier (4 BLK),40,53,2,0,0,0,98,2,1629483,1611661323,203826,70,71,,1611661323,4390000,0,4
454,2024-09-18T00:46:20.5000000+00:00,01:33,[CON] Team Rebound,40,53,1,0,0,0,0,4,,1611661323,0,70,71,,1611661323,4410000,0,4
455,2024-09-18T00:46:24.9000000+00:00,01:31,Stoppage: Out-of-Bounds,0,-80,0,0,0,0,3,20,,0,0,70,71,,1611661323,4420000,0,4
458,2024-09-18T00:46:41.1000000+00:00,01:30,[CON] Mabrey Jump Shot: Missed,154,48,2,0,0,0,1,2,,1611661323,1629497,70,71,,1611661323,4430000,0,4
459,2024-09-18T00:46:43.1000000+00:00,01:28,[CON] Thomas Rebound (Off:4 Def:4),154,48,1,0,0,0,0,4,,1611661323,203826,70,71,,1611661323,4440000,0,4
460,2024-09-18T00:46:47.7000000+00:00,01:27,[CON 72-71] Thomas Tip Layup Shot: Made (16 PTS),0,-5,2,0,0,0,97,1,,1611661323,203826,72,71,,1611661323,4450000,2,4
461,2024-09-18T00:47:01.0000000+00:00,01:12,[MIN 73-72] Collier Driving Layup Shot: Made (23 PTS),-26,35,2,0,0,0,6,1,,1611661324,1629483,72,73,,1611661324,4460000,2,4
462,2024-09-18T00:47:19.1000000+00:00,00:55.5,[CON] Bonner Driving Finger Roll Layup Shot: Missed,-84,42,2,0,0,0,75,2,,1611661323,201886,72,73,,1611661323,4470000,0,4
463,2024-09-18T00:47:22.1000000+00:00,00:52.5,[MIN] Collier Rebound (Off:1 Def:5),-84,42,0,0,0,0,0,4,,1611661324,1629483,72,73,,1611661323,4480000,0,4
464,2024-09-18T00:47:28.0000000+00:00,00:46.5,[MIN] McBride 3pt Shot: Missed,229,0,3,0,0,0,1,2,,1611661324,203825,72,73,,1611661324,4490000,0,4
465,2024-09-18T00:47:30.7000000+00:00,00:43.8,[CON] Bonner Rebound (Off:0 Def:1),229,0,0,0,0,0,0,4,,1611661323,201886,72,73,,1611661324,4500000,0,4
466,2024-09-18T00:47:42.7000000+00:00,00:36.6,Timeout : Regular,0,-80,0,0,0,0,1,9,,1611661323,1611661323,72,73,,1611661323,4510000,0,4
467,2024-09-18T00:48:30.3000000+00:00,00:36.6,[MIN] Hines-Allen Substitution replaced by Smith,0,-80,0,0,0,0,0,8,,1611661324,1628899,72,73,1629501,1611661323,4520000,0,4
469,2024-09-18T00:49:34.3000000+00:00,00:34.7,[MIN] McBride Foul: Personal (2 PF),-130,236,0,0,0,0,1,6,1629497,1611661324,203825,72,73,1629176,1611661323,4540000,0,4
471,2024-09-18T00:50:08.6000000+00:00,00:22.9,[CON 74-73] Thomas Floating Jump shot: Made (18 PTS) Assist: Mabrey (4 AST),-5,128,2,0,0,0,78,1,,1611661323,203826,74,73,1629497,1611661323,4560000,2,4
473,2024-09-18T00:50:15.2000000+00:00,00:22.9,Timeout : Regular,0,-80,0,0,0,0,1,9,,1611661324,1611661324,74,73,,1611661324,4580000,0,4
474,2024-09-18T00:52:06.3000000+00:00,00:12.8,[MIN 75-74] Collier Fadeaway Jump Shot: Made (25 PTS) Assist: McBride (1 AST),-83,51,2,0,0,0,63,1,,1611661324,1629483,74,75,203825,1611661324,4590000,2,4
476,2024-09-18T00:52:14.7000000+00:00,00:11.4,Timeout : Regular,0,-80,0,0,0,0,1,9,,1611661323,1611661323,74,75,,1611661323,4610000,0,4
477,2024-09-18T00:53:59.3000000+00:00,00:08.5,[CON 76-75] Bonner Cutting Layup Shot: Made (9 PTS) Assist: Thomas (10 AST),-28,6,2,0,0,0,98,1,,1611661323,201886,76,75,203826,1611661323,4620000,2,4
479,2024-09-18T00:54:06.4000000+00:00,00:08.5,Timeout : Reset,0,-80,0,0,0,0,6,9,,1611661324,1611661324,76,75,,1611661324,4640000,0,4
480,2024-09-18T00:54:39.6000000+00:00,00:04.6,[MIN 78-76] Carleton 3pt Shot: Made (13 PTS) Assist: Collier (2 AST),-138,301,3,0,0,0,1,1,,1611661324,1629524,76,78,1629483,1611661324,4650000,3,4
482,2024-09-18T00:54:48.8000000+00:00,00:03.4,Timeout : Reset,0,-80,0,0,0,0,6,9,,1611661323,1611661323,76,78,,1611661323,4670000,0,4
483,2024-09-18T00:55:17.4000000+00:00,00:03.4,[CON] Bonner Turnover : Out of Bounds - Bad Pass Turnover (3 TO),220,173,0,0,0,0,45,5,,1611661323,201886,76,78,201538,1611661323,4680000,0,4
484,2024-09-18T00:55:31.6000000+00:00,00:02.2,[CON] Carrington Foul: Personal Take (3 PF),-187,792,0,0,0,0,28,6,203825,1611661323,1630096,76,78,201538,1611661324,4690000,0,4
486,2024-09-18T00:55:53.0000000+00:00,00:00.0,End Period,0,-80,0,0,0,0,0,13,,0,0,76,78,,1611661324,4710000,0,4
